Human Timestamp,Unix Time,Microseconds,Accelerometer X (m/s/s),Accelerometer Y (m/s/s),Accelerometer Z (m/s/s),Gyroscope X (degrees/s),Gyroscope Y (degrees/s),Gyroscope Z (degrees/s),Magnetometer X (mG),Magnetometer Y (mG),Magnetometer Z (mG),IMU Temperature (deg C),Pressure (Pascals),Pressure Temperature (deg C)
Wed Jan 01 01:04:23 CET 2020,1577837063,950790,0.26202628,-1.9148294,-9.737832,-2.5728071919910014,-3.1973815463023114,-2.9895033728751392,45.601982,-285.73172,174.64774,35.088375,99880.61,35.68
Wed Jan 01 01:04:24 CET 2020,1577837064,50790,0.45988902,-1.4398148,-9.748142,5.558128667710314,-2.8503775800693525,-6.75217323149305,48.322407,-282.43582,172.60742,35.08739,99880.3,35.68
Wed Jan 01 01:04:24 CET 2020,1577837064,150789,-0.06449632,-1.6365651,-9.933344,-5.366360633805479,1.4513056120370262,-9.14613025046547,45.51479,-278.42496,171.54367,35.087677,99880.516,35.68
Wed Jan 01 01:04:24 CET 2020,1577837064,250790,0.12127157,-1.2325257,-9.797279,10.155923631197942,8.344210793264686,-11.096786742826644,37.248882,-282.50558,174.90932,35.088776,99880.55,35.68
Wed Jan 01 01:04:24 CET 2020,1577837064,350790,0.63319,-1.7592683,-9.478146,22.00021781222138,8.154419567887635,-8.401065287915873,26.33231,-266.1656,164.62053,35.08221,99879.69,35.68
Wed Jan 01 01:04:24 CET 2020,1577837064,450790,0.57909274,-1.7023437,-9.377949,-8.270958380454134,1.8992417121469685,-3.290699233510583,23.542131,-261.3351,162.71973,35.09168,99879.58,35.6825
Wed Jan 01 01:04:24 CET 2020,1577837064,550790,-0.031074712,-1.3936026,-9.316218,19.58129508579473,-4.031982699771698,-1.658883864268644,22.583008,-257.673,160.83635,35.0863,99879.625,35.685
Wed Jan 01 01:04:24 CET 2020,1577837064,650809,0.39813504,-1.9153578,-9.839947,-1.5103067592533566,-6.933671696525817,1.2309055010224883,27.692522,-248.58748,153.66908,35.085217,99879.7,35.69
Wed Jan 01 01:04:24 CET 2020,1577837064,750790,0.12030037,-2.0918858,-10.266407,6.38813386277819,-0.6284216480887966,2.911489862867143,32.51648,-250.01526,153.5492,35.094234,99879.27,35.69
Wed Jan 01 01:04:24 CET 2020,1577837064,850790,0.29060367,-2.2814856,-10.0761595,4.456947659447034,6.622602417990166,2.6932161415232114,30.918667,-245.57059,151.1056,35.089035,99880.31,35.69
Wed Jan 01 01:04:24 CET 2020,1577837064,950790,0.84470266,-2.8224509,-9.360633,-10.911395373530933,-1.4173793035196651,0.388297430625582,32.435825,-242.43164,150.26855,35.090237,99879.98,35.69
Wed Jan 01 01:04:25 CET 2020,1577837065,50790,0.730997,-2.0397184,-9.400316,4.955345348927013,-3.8990426298422376,-6.999324081955906,29.628208,-254.79562,159.68541,35.09218,99879.72,35.69
Wed Jan 01 01:04:25 CET 2020,1577837065,150790,0.6030013,-2.1732357,-9.545335,6.7335283328787305,-1.0788426469097803,-4.714717784467464,25.774275,-244.19295,151.71596,35.08962,99880.61,35.69
Wed Jan 01 01:04:25 CET 2020,1577837065,250822,0.19300252,-1.6301701,-9.419353,-34.34971710459757,-8.147316171150822,-0.4094337545761495,26.07073,-257.3068,162.56277,35.093945,99880.08,35.69
Wed Jan 01 01:04:25 CET 2020,1577837065,350790,-0.33120424,-1.3923892,-9.721719,12.096552798729611,-4.029615811551316,1.8333977778561563,31.738281,-267.59555,170.35783,35.096516,99878.984,35.69
Wed Jan 01 01:04:25 CET 2020,1577837065,450790,-0.06414929,-1.7142545,-9.825983,-3.7906235461610494,-0.8839537477911845,2.2978668820890498,34.109932,-262.62555,165.57967,35.09671,99879.516,35.69
Wed Jan 01 01:04:25 CET 2020,1577837065,550790,-1.1216819E-4,-1.9697412,-9.521675,-0.5209912342899677,0.19715012810706692,0.1033283255061792,38.155693,-262.66043,166.905,35.097763,99879.92,35.69
Wed Jan 01 01:04:25 CET 2020,1577837065,650790,0.33274028,-1.8937482,-9.731814,4.383446931314657,-0.23574836190770754,-1.201405913997203,39.215088,-258.91113,164.87122,35.09221,99880.266,35.695
Wed Jan 01 01:04:25 CET 2020,1577837065,750790,-0.09891759,-2.1074748,-9.614503,6.832838069154864,0.5357829196295197,-2.5485287533492555,37.388393,-257.55093,164.25432,35.09706,99878.53,35.7
Wed Jan 01 01:04:25 CET 2020,1577837065,850836,0.29892257,-1.7226983,-9.673456,-10.537131363410547,-1.1956758406295072,-1.286219636233855,33.063618,-258.24847,164.69029,35.099968,99880.8,35.7
Wed Jan 01 01:04:25 CET 2020,1577837065,950790,0.19999857,-1.5820211,-9.749552,-1.703568783202646,1.01777331841277,0.8462543668853176,33.98786,-265.06696,169.22433,35.095554,99879.57,35.7
Wed Jan 01 01:04:26 CET 2020,1577837066,50790,-0.0104471585,-1.8023459,-9.345211,8.545063282329602,0.7744678644526312,0.8235971874795606,31.930105,-263.4975,168.64885,35.098907,99880.48,35.7
Wed Jan 01 01:04:26 CET 2020,1577837066,150790,0.23298949,-1.7559233,-9.242183,-5.437563989865027,-4.131824887239128,0.06695616893571882,34.249443,-260.62012,165.52734,35.104084,99878.695,35.7
Wed Jan 01 01:04:26 CET 2020,1577837066,250790,0.08352855,-1.6789676,-9.819013,-7.2410107810827515,-4.333130900864933,0.49081158809632175,35.90611,-266.7062,170.18346,35.105053,99879.47,35.7
Wed Jan 01 01:04:26 CET 2020,1577837066,350790,-0.008946354,-1.6272957,-9.960779,-0.18870125999475193,-1.7102736004558938,0.3577272493933928,38.016182,-270.97867,171.80525,35.10497,99880.5,35.7
Wed Jan 01 01:04:26 CET 2020,1577837066,450865,-0.022361591,-1.665484,-10.000501,-2.26231832775282,2.171391813881979,0.05104486380922023,38.66141,-270.35086,171.05539,35.09988,99881.36,35.702003
Wed Jan 01 01:04:26 CET 2020,1577837066,550790,-0.0021212527,-1.4888768,-9.782883,-1.8627234227305782,2.461998908138143,-0.19840111519905013,36.758423,-272.8424,173.29407,35.106052,99881.414,35.7025
Wed Jan 01 01:04:26 CET 2020,1577837066,650790,0.117191374,-1.2876166,-9.565359,-0.10709415979143957,1.6851832799948059,1.0947374078002894,35.208565,-273.17593,174.36873,35.104115,99879.94,35.7025
Wed Jan 01 01:04:26 CET 2020,1577837066,750790,0.21262665,-1.4401407,-9.631104,0.4662644574017268,0.5411465533482446,2.939132093784129,41.19001,-268.62445,170.4799,35.10361,99879.336,35.7025
Wed Jan 01 01:04:26 CET 2020,1577837066,850790,0.06338725,-1.5406018,-9.823513,-4.8225015087738585,2.4950297029643242,3.1480593842678153,42.20145,-270.36832,172.67717,35.10814,99879.91,35.71
Wed Jan 01 01:04:26 CET 2020,1577837066,950790,0.27306163,-1.4976517,-9.69487,3.0703415455598897,2.6340087225939466,1.9352726296205829,41.31208,-271.24023,173.28752,35.110043,99879.83,35.707497
Wed Jan 01 01:04:27 CET 2020,1577837067,50805,0.34941673,-1.4587139,-9.5849905,-3.1572616222455827,1.2531090799763658,1.0639726420677456,40.021626,-270.43805,173.47935,35.11327,99879.72,35.708
Wed Jan 01 01:04:27 CET 2020,1577837067,150790,0.045473,-1.4129043,-9.500897,-4.63932099582149,0.0667959156223174,1.600532192151391,40.893555,-275.007,176.72293,35.10474,99880.26,35.71
Wed Jan 01 01:04:27 CET 2020,1577837067,250790,0.18578133,-1.3099381,-9.700449,4.423344950114351,-2.592276570329132,1.7040887882714564,41.71317,-275.12906,175.81613,35.111076,99880.13,35.71
Wed Jan 01 01:04:27 CET 2020,1577837067,350790,0.2032612,-1.3702462,-9.894615,0.6000065053762327,-0.42009423794171463,1.6236212671856654,43.84068,-273.92578,174.64774,35.10831,99879.11,35.71
Wed Jan 01 01:04:27 CET 2020,1577837067,450790,0.0228885,-1.4637816,-9.827171,0.6581652246494327,1.4668555242654404,1.8457189837729147,41.900635,-275.5432,176.05591,35.109695,99878.91,35.71
Wed Jan 01 01:04:27 CET 2020,1577837067,550790,0.29847193,-1.5355932,-9.810395,2.3845292329700607,2.12695399601395,0.7161942082738979,34.301758,-280.09033,178.50749,35.1111,99879.34,35.71
Wed Jan 01 01:04:27 CET 2020,1577837067,650788,0.324137,-1.376351,-9.735477,-1.7907767903073504,0.826984581852933,0.8104901303532969,35.720825,-278.1372,178.08533,35.11152,99879.73,35.71
Wed Jan 01 01:04:27 CET 2020,1577837067,750790,0.2749141,-1.3071545,-9.729817,-3.9023065495736144,1.9249757399918348,1.2091216751386036,33.935547,-281.09305,181.25697,35.111317,99879.44,35.71
Wed Jan 01 01:04:27 CET 2020,1577837067,850790,0.3358451,-1.4189057,-9.776508,-0.047155403099982625,2.2216744522957605,1.6856170728980924,33.970425,-282.13937,180.05371,35.11104,99878.12,35.7125
Wed Jan 01 01:04:27 CET 2020,1577837067,950790,0.56856704,-1.2104957,-9.865581,-2.974613256920548,2.08332972956706,1.5837258286796576,33.91811,-282.34863,180.66406,35.110374,99879.02,35.7125
Wed Jan 01 01:04:28 CET 2020,1577837068,50790,0.3660371,-1.1796294,-9.697408,1.2854740831404528,3.0541494437675127,2.182917530433403,34.40639,-282.31375,182.11147,35.11525,99878.78,35.72
Wed Jan 01 01:04:28 CET 2020,1577837068,150790,0.42024535,-1.7553755,-9.902149,4.436362076416542,4.5223723719047895,0.9715396920299629,31.790598,-280.7443,181.5883,35.114292,99878.41,35.715
Wed Jan 01 01:04:28 CET 2020,1577837068,250790,0.7196439,-1.4897724,-9.968643,-5.000386651953708,2.4431380237640696,1.3968348534061745,28.791155,-281.4767,182.4428,35.11371,99879.32,35.72
Wed Jan 01 01:04:28 CET 2020,1577837068,350790,0.72085303,-1.4187022,-9.888842,2.524791872817701,5.794395535839764,0.3281145847918486,26.45438,-284.1797,183.76814,35.116703,99877.4,35.72
Wed Jan 01 01:04:28 CET 2020,1577837068,450790,0.82958716,-1.536444,-9.150416,-4.452445502310125,5.270695486470465,-0.5905358030185883,19.862583,-285.15625,185.98283,35.118996,99879.52,35.72
Wed Jan 01 01:04:28 CET 2020,1577837068,550790,0.7813426,-1.2796894,-9.432999,-7.727577672228378,2.584247910632754,-0.6861003188998309,17.410278,-289.4287,188.90381,35.114265,99877.55,35.72
Wed Jan 01 01:04:28 CET 2020,1577837068,650790,0.7460523,-1.0566081,-9.451333,5.424040822436329,0.7523402523805224,-1.995320617163704,14.735631,-293.10825,192.47,35.111694,99878.914,35.72
Wed Jan 01 01:04:28 CET 2020,1577837068,750811,0.87406045,-1.1967078,-9.706824,-0.9478759704135183,-2.6965799337984517,-1.4455350128802549,14.351981,-289.67285,189.4008,35.11644,99878.375,35.72
Wed Jan 01 01:04:28 CET 2020,1577837068,850790,0.6966282,-0.91723734,-9.940469,-8.68494434227561,-0.009252513387564311,-0.10351854627456404,18.01409,-292.09683,191.98172,35.1234,99879.52,35.72
Wed Jan 01 01:04:28 CET 2020,1577837068,950790,0.830167,-0.6362221,-9.578664,-1.5389838397205906,0.5030621774461612,2.0604174805412985,21.606445,-293.2129,193.2373,35.122406,99879.914,35.72
Wed Jan 01 01:04:29 CET 2020,1577837069,50790,0.78768533,-0.97443956,-9.5136385,-0.5474832613507239,0.005304279849156128,3.837721191473863,23.158482,-294.10226,193.60352,35.119354,99879.2,35.725
Wed Jan 01 01:04:29 CET 2020,1577837069,150790,0.7503449,-0.7314189,-9.894084,0.8135687242851939,-3.969836174551586,4.000112733540456,25.425503,-295.09625,194.84166,35.129017,99879.13,35.7225
Wed Jan 01 01:04:29 CET 2020,1577837069,250790,0.8047441,-0.6139849,-10.13063,5.249932925649478,0.41845051497245567,3.413560372736809,29.035295,-293.96274,194.00461,35.12108,99880.82,35.725
Wed Jan 01 01:04:29 CET 2020,1577837069,350837,1.0182962,-1.1265304,-9.811459,3.9106466658961447,1.7494855646989553,3.144316440602648,29.697964,-289.13226,191.49344,35.123463,99878.41,35.727497
Wed Jan 01 01:04:29 CET 2020,1577837069,450790,0.61750865,-0.76171523,-9.824752,-13.153603802983458,1.5519838146588667,2.491302696407221,29.968262,-294.67773,195.89233,35.118347,99881.016,35.73
Wed Jan 01 01:04:29 CET 2020,1577837069,550790,1.161293,-0.5993694,-9.6633415,9.437043488978432,4.097787777875232,0.5784152149359514,19.635881,-302.6646,203.07268,35.125374,99879.33,35.73
Wed Jan 01 01:04:29 CET 2020,1577837069,650790,0.9348713,-0.8786169,-9.467465,-2.262445065707419,1.7938889280571715,-0.7002055702277966,15.8865795,-301.21722,203.07268,35.122524,99878.22,35.73
Wed Jan 01 01:04:29 CET 2020,1577837069,750790,1.0250434,-0.7577284,-9.404621,-11.18519671144329,-0.9867228230999474,-1.4682774178686555,16.985212,-304.09457,206.94406,35.119553,99878.63,35.73
Wed Jan 01 01:04:29 CET 2020,1577837069,850790,0.7781077,-0.55440557,-9.736776,-10.39035333022264,-1.8243813210238131,-3.1023687579240242,17.752512,-312.93597,213.57072,35.125793,99878.36,35.73
Wed Jan 01 01:04:29 CET 2020,1577837069,950856,0.570486,-0.6809783,-10.029963,-11.505706829231714,-5.012592655346466,-3.9701533988930375,20.03697,-319.92886,217.89551,35.12461,99878.52,35.73
Wed Jan 01 01:04:30 CET 2020,1577837070,50790,0.8552686,-0.585849,-9.7067375,-1.8721090133420653,-3.3002803193143135,-5.357884520827475,22.199358,-324.70703,222.91783,35.125034,99879.73,35.73
Wed Jan 01 01:04:30 CET 2020,1577837070,150790,0.5596129,-0.58792746,-10.156192,-4.734036898643854,-1.9934444400896922,-4.827906768701025,23.106167,-326.137,224.59193,35.12353,99877.83,35.73
Wed Jan 01 01:04:30 CET 2020,1577837070,250790,0.43612385,-0.4907936,-10.338343,3.1337105228594524,1.6115471623348798,-2.9199007095930782,20.734514,-327.9855,227.27748,35.128902,99880.31,35.73
Wed Jan 01 01:04:30 CET 2020,1577837070,350790,0.6773921,-0.5675233,-9.738476,3.880663349695641,5.6291492782640695,-1.8539102019715386,17.684937,-325.2411,227.43225,35.123947,99878.26,35.7375
Wed Jan 01 01:04:30 CET 2020,1577837070,450790,0.9082904,-0.39453277,-9.264171,-9.234899031686513,1.0508033543290438,-0.30288885583046515,10.782878,-327.7588,231.16048,35.128174,99877.95,35.735
Wed Jan 01 01:04:30 CET 2020,1577837070,550806,1.1987971,-0.44320387,-9.595873,0.6818339550712686,-0.6499559443950036,2.0440740521133103,12.60376,-334.61,235.672,35.124798,99878.445,35.7325
Wed Jan 01 01:04:30 CET 2020,1577837070,650790,1.4209424,-0.79565966,-9.242668,0.08524377750864255,-0.3878156746161237,-0.7615584274663532,12.381417,-333.06012,236.15373,35.136593,99878.03,35.736
Wed Jan 01 01:04:30 CET 2020,1577837070,750790,1.3158716,-0.54559153,-9.458438,-0.13389639127700043,-6.8706135687244805,-3.4354312455871163,15.433175,-333.68793,236.76408,35.127033,99880.13,35.74
Wed Jan 01 01:04:30 CET 2020,1577837070,850790,1.2484868,-0.20112953,-10.020541,-5.558465016581442,-5.162498004482348,-2.478087039273154,22.949219,-336.12933,240.18205,35.134613,99879.234,35.74
Wed Jan 01 01:04:30 CET 2020,1577837070,950790,0.5208989,-0.061436433,-10.38182,4.401570610604313,-5.085006320926941,-2.0682699213570896,30.273438,-332.7288,240.40877,35.12994,99878.766,35.74
Wed Jan 01 01:04:31 CET 2020,1577837071,50790,0.39316994,-0.47583094,-10.339054,0.5707301137548254,1.3509402320791724,-2.471803265236742,32.087055,-333.19965,243.11174,35.134205,99878.18,35.74
Wed Jan 01 01:04:31 CET 2020,1577837071,150793,0.54783696,-0.43557557,-9.369745,-2.2985839001699198,3.279015967262304,-2.36628321740327,29.209682,-333.095,245.2567,35.129852,99878.99,35.74
Wed Jan 01 01:04:31 CET 2020,1577837071,250790,0.48224622,-0.0748198,-9.083342,2.3697904436510813,0.06443853274853058,-3.2289242705813197,27.291433,-336.0247,248.97112,35.129906,99879.45,35.74
Wed Jan 01 01:04:31 CET 2020,1577837071,350790,0.42450178,0.4683727,-9.662939,-5.2910828422330445,-4.503066310978813,-3.837468322692591,28.721401,-337.19308,250.87193,35.135944,99879.31,35.74
Wed Jan 01 01:04:31 CET 2020,1577837071,450790,0.089505285,0.7039131,-10.043377,-2.4139117960875662,-7.675005857968772,-2.581352821116558,35.079956,-340.17944,254.10461,35.13438,99878.81,35.74
Wed Jan 01 01:04:31 CET 2020,1577837071,550790,0.24341622,0.87596077,-9.91756,1.6176777883519018,-3.409300763206426,-0.1281158883459325,37.21401,-345.04047,258.73676,35.13618,99878.81,35.74
Wed Jan 01 01:04:31 CET 2020,1577837071,650790,0.47280434,0.3100472,-9.810335,0.30720942479919056,-2.8211868693765334,2.289866605623223,34.5459,-347.51675,263.0441,35.13668,99878.43,35.74
Wed Jan 01 01:04:31 CET 2020,1577837071,750790,0.48474967,0.3464723,-9.966208,-6.774502182363692,-0.3653030296023032,1.0953564506120648,36.69085,-354.4573,268.03152,35.141506,99878.66,35.742504
Wed Jan 01 01:04:31 CET 2020,1577837071,850790,0.36574286,0.0688575,-9.942532,16.066046249566845,2.0704857865058233,-1.8917098348762231,37.44071,-350.5685,269.6882,35.137207,99879.49,35.748
Wed Jan 01 01:04:31 CET 2020,1577837071,950790,0.35730788,-0.17137168,-10.342164,9.497523144477098,2.3260109042370596,-2.6012854380623973,34.14481,-338.57074,268.04898,35.13959,99877.73,35.745003
Wed Jan 01 01:04:32 CET 2020,1577837072,50790,0.32314914,-0.5833558,-10.0681095,-4.367270311284399,-3.6178325098461777,0.19995050566677214,33.115932,-337.38492,271.06586,35.13217,99880.234,35.75
Wed Jan 01 01:04:32 CET 2020,1577837072,150790,0.04770355,-0.5674565,-9.843466,6.790796888775601,3.7634533572067017,0.9259860489245261,36.02818,-336.86176,274.3443,35.132206,99879.086,35.7475
Wed Jan 01 01:04:32 CET 2020,1577837072,250826,0.45761025,-1.0077813,-9.878385,2.14381758129273,6.003028369279232,-0.07567005787420417,31.982422,-332.53696,275.1988,35.138214,99879.68,35.75
Wed Jan 01 01:04:32 CET 2020,1577837072,350790,0.4146636,-0.77197915,-9.569455,2.0685502626770234,-1.0148524259597094,-4.448534687773358,27.572632,-333.45032,278.76282,35.138,99878.91,35.75
Wed Jan 01 01:04:32 CET 2020,1577837072,450790,0.7873298,-0.72045326,-9.615581,0.10640210036016187,1.8830405034356983,-3.0960330744499203,25.390625,-333.095,281.45926,35.13639,99877.89,35.75
Wed Jan 01 01:04:32 CET 2020,1577837072,550790,1.0462615,-0.47949523,-9.539221,-7.376949152275866,0.951797409688995,-0.43819002729226025,21.379744,-338.08246,286.28976,35.13801,99879.234,35.75
Wed Jan 01 01:04:32 CET 2020,1577837072,650790,1.0615723,-0.5126965,-9.657857,2.81680431644109,0.034945135582180833,0.4450751615395962,22.269114,-342.09332,290.03906,35.13806,99879.09,35.75
Wed Jan 01 01:04:32 CET 2020,1577837072,750790,0.47147655,-0.92582756,-9.670414,1.8538180703087341,0.8334445747699311,-2.2651076252278717,21.432058,-341.15164,292.37582,35.137417,99879.055,35.75
Wed Jan 01 01:04:32 CET 2020,1577837072,850842,0.7465956,-0.4808967,-10.339721,2.9729639939089627,-2.0859013716805603,-3.298693590479129,22.04241,-339.1462,293.7186,35.14165,99880.016,35.7525
Wed Jan 01 01:04:32 CET 2020,1577837072,950790,0.07930487,-0.26870382,-9.863032,-9.179862885174366,-0.7420791074084306,-3.6545291430908957,23.385183,-343.75,297.52023,35.13737,99877.61,35.75
Wed Jan 01 01:04:33 CET 2020,1577837073,50790,0.40873757,0.054420527,-9.791675,8.10574733629816,1.6608779759423247,-2.2773301728566184,26.45438,-342.70367,298.74094,35.144745,99878.06,35.752
Wed Jan 01 01:04:33 CET 2020,1577837073,150790,0.1051482,0.13900247,-9.69953,-0.2464233973707543,-1.3944192431697133,0.7451411571043381,24.57101,-336.7397,297.92133,35.140453,99878.6,35.7575
Wed Jan 01 01:04:33 CET 2020,1577837073,250790,0.052631665,0.0067292643,-9.771076,-7.802837857090951,-0.3731133509182128,3.063286415493211,27.435303,-343.8263,302.41394,35.138588,99879.09,35.7525
Wed Jan 01 01:04:33 CET 2020,1577837073,350790,0.49961215,0.22942133,-9.581047,4.467459472361666,1.9250860854924259,0.9750967786587148,26.97754,-346.88315,306.05063,35.14248,99880.59,35.7525
Wed Jan 01 01:04:33 CET 2020,1577837073,450860,0.4561864,0.33390296,-9.77008,-3.5213765783872573,-2.888352824726697,-0.6829211694051531,27.679443,-345.0775,306.6864,35.140797,99879.56,35.757496
Wed Jan 01 01:04:33 CET 2020,1577837073,550790,0.5363469,0.6820384,-8.903053,-8.242927284100402,-4.397635207386533,-0.3698944724898627,28.390066,-353.9516,311.29672,35.141567,99880.5,35.757496
Wed Jan 01 01:04:33 CET 2020,1577837073,650790,0.14286494,0.2154912,-10.013551,5.294570792169198,-9.665883968314319,0.9787304392971616,36.464146,-359.6017,314.2264,35.141354,99880.31,35.757996
Wed Jan 01 01:04:33 CET 2020,1577837073,750790,0.18314683,-0.79590696,-11.065885,20.302923696136254,0.6922383822339491,0.10136350775493885,40.66685,-343.01758,311.00027,35.14347,99878.26,35.76
Wed Jan 01 01:04:33 CET 2020,1577837073,850790,0.358811,-0.85464865,-10.082259,-8.391875799624556,3.612786669651335,-1.4176881798521312,37.16169,-338.48355,312.0466,35.143,99878.4,35.76
Wed Jan 01 01:04:33 CET 2020,1577837073,950790,0.75033456,-0.56558454,-9.841993,-3.786854799559018,4.313288442416138,-0.6397525524668939,33.220562,-347.77832,318.0978,35.143063,99878.07,35.76
Wed Jan 01 01:04:34 CET 2020,1577837074,50810,0.54137266,-0.86239725,-9.389106,-6.007552079457522,3.9464131791578887,1.3532479253267475,27.58789,-350.49875,320.24274,35.15107,99879.66,35.76
Wed Jan 01 01:04:34 CET 2020,1577837074,150790,0.5245239,-0.63768923,-9.291279,-15.915437239164469,-1.790762978147029,0.04418277670714613,26.59389,-363.73465,325.92773,35.14887,99878.35,35.76
Wed Jan 01 01:04:34 CET 2020,1577837074,250790,0.43580884,-0.2519243,-10.019546,1.308714788374301,-1.6871619099063677,-1.0819739091892773,29.331753,-372.2447,328.31683,35.14527,99879.2,35.76
Wed Jan 01 01:04:34 CET 2020,1577837074,350790,1.070749,-0.15453292,-9.504751,-9.13607803339099,0.5957412040215412,0.5132342263950797,29.47998,-376.61743,330.5359,35.145447,99880.01,35.76
Wed Jan 01 01:04:34 CET 2020,1577837074,450790,1.0305806,0.049413074,-8.970278,-3.3192457814736787,-0.8018416689352359,1.6327907202554166,29.174805,-385.81195,333.74023,35.14845,99879.82,35.76
Wed Jan 01 01:04:34 CET 2020,1577837074,550790,0.71690977,0.021477386,-9.567544,6.4929666417991765,-10.738852045409962,2.2447875088831206,33.046177,-383.946,333.58328,35.148827,99879.67,35.762497
Wed Jan 01 01:04:34 CET 2020,1577837074,650796,-0.23597759,0.5554257,-10.018923,-16.93997897148076,-12.480008725653022,1.468278632124508,46.857563,-389.57867,333.9146,35.15306,99878.98,35.7625
Wed Jan 01 01:04:34 CET 2020,1577837074,750790,-0.49612796,1.0162653,-10.00103,3.2125873687785385,-11.285040113166573,0.23171061968886372,58.19266,-399.91977,334.92606,35.152683,99879.17,35.762497
Wed Jan 01 01:04:34 CET 2020,1577837074,850790,-0.68775266,0.67583007,-10.273421,7.409796594468328,-3.9144873571574337,3.1230135359273232,64.71471,-394.47894,333.39145,35.149246,99880.4,35.764
Wed Jan 01 01:04:34 CET 2020,1577837074,950790,-0.47008407,1.0351821,-9.712202,-16.510794169154206,-3.169125812615876,3.3305556640473304,69.03948,-399.36176,333.8623,35.14839,99881.39,35.77
Wed Jan 01 01:04:35 CET 2020,1577837075,50790,-0.21482183,0.9934893,-9.663163,13.410067995834579,-3.0711490257017666,-0.673940305447485,71.58552,-406.5639,336.37347,35.1518,99878.86,35.77
Wed Jan 01 01:04:35 CET 2020,1577837075,150815,-0.11783141,0.48635963,-10.0207,0.794877911621454,-1.4273334694340603,-1.8511756977918286,73.2945,-395.595,333.65305,35.153854,99880.05,35.77
Wed Jan 01 01:04:35 CET 2020,1577837075,250790,-0.4648493,0.6971862,-9.822263,-1.1823779935524277,0.05009595131965467,-4.781232291552789,63.690186,-406.72302,339.27917,35.14864,99879.59,35.77
Wed Jan 01 01:04:35 CET 2020,1577837075,350790,-0.5105605,0.826257,-10.575321,10.19271497639915,2.294899999695578,-4.648107351169794,59.814453,-402.29144,339.00668,35.15394,99881.79,35.77
Wed Jan 01 01:04:35 CET 2020,1577837075,450790,-0.33410785,0.36308753,-10.596353,9.337738002597783,2.3248314064583893,-1.3076536805412444,57.024273,-390.88657,337.1582,35.152565,99881.125,35.77
Wed Jan 01 01:04:35 CET 2020,1577837075,550790,-0.35736802,-0.23845859,-9.751693,-3.407851548846531,1.519372697011687,0.7816945081584677,54.129463,-391.7934,336.72223,35.154827,99879.086,35.77
Wed Jan 01 01:04:35 CET 2020,1577837075,650790,-0.2009043,-0.26693055,-9.84442,6.589298415597184,5.649117715757556,1.5126267468414376,49.351284,-390.5378,337.33258,35.152695,99879.62,35.77
Wed Jan 01 01:04:35 CET 2020,1577837075,750843,-0.41442296,-0.48719868,-9.83149,0.2944543121426595,6.498999064874132,-0.6353049609523539,46.857563,-387.3814,336.19907,35.147655,99880.695,35.77
Wed Jan 01 01:04:35 CET 2020,1577837075,850790,0.14271656,-0.7552124,-9.718984,10.038282274317421,5.703725837081715,-1.9067156087007595,39.46359,-382.08008,334.59473,35.156116,99880.12,35.77
Wed Jan 01 01:04:35 CET 2020,1577837075,950790,0.6644195,-0.59751654,-9.190464,-2.8302057547205814,4.552658037812552,-3.6738239721502373,31.529018,-381.2779,334.89117,35.154564,99879.36,35.77
Wed Jan 01 01:04:36 CET 2020,1577837076,50790,0.4044403,-0.32624435,-9.661931,4.084880845291649,0.22018076707844214,-4.191934194702799,28.581892,-380.3188,334.42035,35.15309,99877.89,35.77
Wed Jan 01 01:04:36 CET 2020,1577837076,150790,0.35868412,-0.35894558,-10.304052,-3.700945287306524,3.9930821921547888,-1.0321979190299293,25.08545,-381.11877,334.06067,35.156452,99879.44,35.7725
Wed Jan 01 01:04:36 CET 2020,1577837076,250790,0.31162155,0.3447023,-10.120979,-8.967965524875595,2.1810386212837236,0.4384750738536221,19.53125,-389.96234,335.37946,35.152584,99880.35,35.7725
Wed Jan 01 01:04:36 CET 2020,1577837076,350860,0.10595868,0.39308327,-10.499016,1.5625373676184258,5.715504725978375,2.04731778484114,17.874582,-394.6882,335.10043,35.157887,99879.14,35.78
Wed Jan 01 01:04:36 CET 2020,1577837076,450790,0.08945212,0.48393542,-9.198025,5.164233176095494,9.71178648230436,1.0698135921729681,8.056641,-393.76395,334.43777,35.15606,99879.78,35.7775
Wed Jan 01 01:04:36 CET 2020,1577837076,550790,0.58886975,0.18085203,-8.432047,2.1821974767129024,2.483925940321625,-0.8181030592021931,3.4354074,-386.03864,331.61273,35.17127,99877.984,35.78
Wed Jan 01 01:04:36 CET 2020,1577837076,650790,0.60453093,0.9947305,-9.560136,-2.8889377924836133,-8.43565943715208,-2.504065132544362,11.125837,-386.6141,329.64215,35.161617,99879.42,35.78
Wed Jan 01 01:04:36 CET 2020,1577837076,750790,0.5645364,0.75981486,-9.838086,3.176556451304924,-5.692601432089525,1.7456000977531074,16.584124,-385.46317,328.15988,35.161354,99878.875,35.7775
Wed Jan 01 01:04:36 CET 2020,1577837076,850790,0.6848815,0.44719967,-9.632922,-7.478531975507779,-2.659966780643589,2.006581474157313,20.438059,-389.89258,329.36313,35.16112,99878.74,35.78
Wed Jan 01 01:04:36 CET 2020,1577837076,950868,0.15135044,0.21812193,-9.803095,6.376839461966656,-2.4173221854311446,-2.3063463342706485,20.629883,-391.91547,329.119,35.16117,99879.734,35.78
Wed Jan 01 01:04:37 CET 2020,1577837077,50790,0.15592408,-0.057086125,-10.640986,1.8688654323962168,-7.140868065291841,-1.1879527180620013,23.472378,-388.11383,327.41,35.165062,99880.625,35.78
Wed Jan 01 01:04:37 CET 2020,1577837077,150791,-0.28160813,-0.84122545,-10.011774,3.112238533056674,-3.4560902910966815,-0.8508975294830923,24.95466,-390.52036,328.33426,35.163586,99880.97,35.78
Wed Jan 01 01:04:37 CET 2020,1577837077,250790,-0.008369547,-0.8731194,-9.741061,-0.7016075045004372,0.835273168192725,-1.9829327789570426,20.553589,-393.70728,329.1931,35.16703,99880.47,35.78
Wed Jan 01 01:04:37 CET 2020,1577837077,350790,-0.1180414,-0.2332169,-9.912327,2.581166736407171,-0.5342950767553186,-3.0140110023090343,20.751953,-392.96176,327.06125,35.162437,99879.25,35.78
Wed Jan 01 01:04:37 CET 2020,1577837077,450790,0.37091336,-0.2602898,-9.640612,-2.769545478663864,-1.1277354177184549,0.02464922304993899,20.054409,-390.65988,326.5555,35.167942,99879.42,35.78
Wed Jan 01 01:04:37 CET 2020,1577837077,550820,0.79569274,0.06631574,-9.548649,2.068825443409584,-1.1463971641327269,2.757753536516791,21.745955,-395.82172,326.20676,35.169254,99879.86,35.78
Wed Jan 01 01:04:37 CET 2020,1577837077,650790,0.15036863,-0.30345908,-9.385231,-2.4356093339149365,-3.942170872773403,4.295581556447834,24.902344,-391.7934,323.45145,35.16915,99880.06,35.78
Wed Jan 01 01:04:37 CET 2020,1577837077,750790,-0.03303092,-0.25564665,-10.053074,3.6813751257326404,-6.469518147032578,4.0227516232174345,32.069614,-396.08328,323.2945,35.173122,99880.08,35.7825
Wed Jan 01 01:04:37 CET 2020,1577837077,850790,-0.36222386,-0.32269952,-11.227511,12.093203881088565,-1.2079560654112453,4.174547265151614,36.63853,-384.59125,318.79535,35.17141,99879.06,35.788002
Wed Jan 01 01:04:37 CET 2020,1577837077,950790,-0.762246,-0.46956012,-9.961268,-10.326083982208488,6.520589141058561,2.696363492692753,32.819477,-387.4163,319.4057,35.165726,99880.875,35.79
Wed Jan 01 01:04:38 CET 2020,1577837078,50790,-0.1385149,0.08381837,-9.62242,4.458708330433082,6.198856267626723,1.6555061080511004,28.564453,-391.81082,320.43457,35.167267,99881.67,35.79
Wed Jan 01 01:04:38 CET 2020,1577837078,150804,-0.17922466,0.13164234,-9.621004,2.4634013736477187,6.927072215967769,-0.929828409787612,20.690918,-388.15308,319.2749,35.17061,99878.3,35.79
Wed Jan 01 01:04:38 CET 2020,1577837078,250790,-0.057330698,0.43075985,-9.245919,-0.578184847833445,0.962348913591803,-1.2899008046325287,15.415736,-387.79996,317.88852,35.172264,99879.42,35.79
Wed Jan 01 01:04:38 CET 2020,1577837078,350790,0.018165939,0.6002766,-9.5291815,-10.859002662009562,-5.716687411178658,1.1227099922001318,18.362864,-395.36832,319.0046,35.16841,99878.59,35.79
Wed Jan 01 01:04:38 CET 2020,1577837078,450790,0.2911651,0.15550435,-9.673329,4.313343994621388,-4.615123305193932,2.4347447837479947,21.902903,-397.68765,320.13812,35.166054,99878.016,35.79
Wed Jan 01 01:04:38 CET 2020,1577837078,550790,0.1322222,0.059813432,-9.925781,-4.244729128475292,0.28535445111145147,0.19944632386953903,26.31487,-397.0773,317.60953,35.172173,99878.48,35.79
Wed Jan 01 01:04:38 CET 2020,1577837078,650801,-0.31092098,0.39849678,-10.404036,3.0411219962905753,-0.6817544972039242,-2.1951092663198946,30.657087,-395.595,315.8482,35.175236,99878.86,35.79
Wed Jan 01 01:04:38 CET 2020,1577837078,750790,0.13219467,-0.1160372,-10.405859,6.388299608702049,-0.46298634605507455,-1.6752954428063507,31.215122,-390.86914,313.79047,35.173935,99878.99,35.7925
Wed Jan 01 01:04:38 CET 2020,1577837078,850790,-0.27710524,-0.80923873,-9.472505,-0.23148567879219795,1.9704685944136586,-2.8056717152218957,27.797153,-388.4975,313.68582,35.180786,99878.25,35.79
Wed Jan 01 01:04:38 CET 2020,1577837078,950790,0.26931185,-0.4649491,-9.633888,-0.7626791097271707,3.4911683212900884,-5.0779915648673555,24.501255,-389.56125,312.79645,35.17365,99878.13,35.79
Wed Jan 01 01:04:39 CET 2020,1577837079,50790,0.16118048,-0.47298604,-9.478122,-3.192852675536648,-1.282781167223689,-4.3878313056338785,20.904541,-391.2964,313.29346,35.17467,99879.83,35.794
Wed Jan 01 01:04:39 CET 2020,1577837079,150790,0.3737717,-0.5894525,-9.515536,12.476930587067068,-0.7816479869811209,-5.293334072583481,11.073522,-394.84515,316.5109,35.179356,99879.04,35.8
Wed Jan 01 01:04:39 CET 2020,1577837079,250835,0.4699778,-0.6210635,-9.513615,-7.018799531573299,-4.712087706291064,-4.647360280256576,12.869699,-391.0784,315.04605,35.180405,99879.41,35.7975
Wed Jan 01 01:04:39 CET 2020,1577837079,350790,0.5293612,-0.0793423,-9.657463,-0.8219242464788521,-3.0873004499230867,-5.306721243356706,16.287668,-395.4904,314.83676,35.178867,99879.31,35.8
Wed Jan 01 01:04:39 CET 2020,1577837079,450790,0.032280147,-0.43002623,-9.838646,-1.6004131950778513,-4.206952718213786,-1.9030127354787234,18.01409,-393.67676,313.75558,35.17996,99879.15,35.8
Wed Jan 01 01:04:39 CET 2020,1577837079,550790,0.28659594,0.033616737,-10.191173,-3.884754177662534,-4.004307380382732,0.948033975456318,21.850586,-401.34976,314.81934,35.177406,99879.47,35.8
Wed Jan 01 01:04:39 CET 2020,1577837079,650790,-0.59316164,0.11660901,-10.614591,19.185787669535788,-2.354445133533804,0.7964654752575373,26.994978,-388.79395,310.33762,35.182526,99878.375,35.8
Wed Jan 01 01:04:39 CET 2020,1577837079,750790,-0.15035506,0.36945605,-9.890612,-6.259178676992496,-2.9206404949711815,1.6908720686635186,28.73884,-382.4637,308.0706,35.17876,99880.625,35.8
Wed Jan 01 01:04:39 CET 2020,1577837079,850854,-0.55091757,0.030818002,-9.428143,-1.5240358948310269,-0.5155607026628722,7.052152711328305,29.349192,-390.03207,309.88422,35.18144,99880.555,35.8
Wed Jan 01 01:04:39 CET 2020,1577837079,950790,-0.3527908,0.26491114,-9.442165,-4.41199621135342,-0.7633914225666123,5.871007794594036,32.174248,-389.36942,308.05316,35.1802,99878.484,35.8
Wed Jan 01 01:04:40 CET 2020,1577837080,50790,0.12490689,0.5187761,-9.703308,-3.38215121660157,-6.199798530168222,2.701929034392443,35.15625,-396.99008,309.88422,35.1823,99878.32,35.8
Wed Jan 01 01:04:40 CET 2020,1577837080,150790,-0.09469825,0.3011916,-9.4626875,8.195115959910312,-4.647895463523542,-1.8116005192669038,40.740967,-396.19446,308.136,35.18226,99878.586,35.8
Wed Jan 01 01:04:40 CET 2020,1577837080,250790,-0.42549393,0.7360266,-10.129462,-5.273334064437831,-2.8548900583810073,-2.3004517292349456,43.770927,-393.08383,306.4488,35.181087,99879.29,35.8
Wed Jan 01 01:04:40 CET 2020,1577837080,350790,-0.4995643,0.43946797,-10.041775,5.535145840063129,2.1699973928174257,0.9636822424087803,43.683735,-395.82172,306.64062,35.186546,99879.64,35.8
Wed Jan 01 01:04:40 CET 2020,1577837080,450875,-0.774213,0.023724502,-10.368434,0.19468460057142156,2.311516787472348,2.5211993450962558,43.509346,-390.5378,304.3736,35.186863,99879.87,35.805
Wed Jan 01 01:04:40 CET 2020,1577837080,550790,-0.48942488,-0.7312216,-9.95706,7.109015098642532,3.8930378310879257,4.794636461907949,46.613422,-383.7193,300.90332,35.186234,99881.22,35.805
Wed Jan 01 01:04:40 CET 2020,1577837080,650790,-0.25920114,-0.5775629,-9.606958,10.080852263120423,-0.14291083699808788,2.526948846557591,45.86356,-378.19125,298.65375,35.186226,99880.36,35.805
Wed Jan 01 01:04:40 CET 2020,1577837080,750790,-0.728729,-0.25694993,-9.834339,-9.600566110371577,-4.151947231661913,4.05550860334889,47.27609,-375.33133,296.68317,35.18782,99880.01,35.8075
Wed Jan 01 01:04:40 CET 2020,1577837080,850790,-0.22705959,-0.8541445,-9.572755,4.135354121874265,-0.396048291350217,2.503731515748902,51.51367,-384.4343,298.98508,35.18761,99879.09,35.81
Wed Jan 01 01:04:40 CET 2020,1577837080,950790,-0.038691852,-1.1740787,-9.770481,0.40775811944526846,-0.21784637917486102,-0.9699567577443171,51.321846,-376.51715,295.95074,35.184258,99880.05,35.81
Wed Jan 01 01:04:41 CET 2020,1577837081,50826,0.111058995,-0.7031745,-9.544896,-4.01385203851089,-0.8087815205869228,-0.9539644010396677,48.614502,-383.56018,298.6145,35.18615,99879.36,35.81
Wed Jan 01 01:04:41 CET 2020,1577837081,150790,0.07314715,-0.6951624,-9.549885,8.355629655301096,-2.2100925764111605,-0.6554162252904842,41.695732,-386.57925,300.2581,35.187874,99880.31,35.81
Wed Jan 01 01:04:41 CET 2020,1577837081,250790,0.14715567,-0.806203,-9.942204,-5.482557633349514,-3.978349929461016,-0.19684994129304484,46.160015,-384.0332,298.32242,35.187286,99878.695,35.81
Wed Jan 01 01:04:41 CET 2020,1577837081,350790,-0.46963856,-0.5948405,-10.312361,6.052318049969675,-2.1981491558464947,0.1302552933214574,49.839565,-383.00433,296.80524,35.180965,99881.55,35.81
Wed Jan 01 01:04:41 CET 2020,1577837081,450790,-0.53086203,-0.19516306,-10.509052,8.509072131735156,-1.9067259298755053,0.11132551890050556,51.42648,-376.37766,294.887,35.189205,99881.31,35.81
Wed Jan 01 01:04:41 CET 2020,1577837081,550790,-1.4498705,0.06521515,-10.418288,-9.208345077577283,5.73125666002424,2.8162454551850016,47.921318,-376.11606,295.72406,35.193676,99880.64,35.81
Wed Jan 01 01:04:41 CET 2020,1577837081,650790,-1.1691321,-0.03499985,-9.575607,-1.6222112125770116,7.632101948806346,4.240997720240723,44.433594,-382.8997,298.37473,35.18721,99879.38,35.81
Wed Jan 01 01:04:41 CET 2020,1577837081,750790,-0.4653636,0.045007184,-9.236175,7.882554968059931,2.418361284876876,-0.6198555283957298,42.253765,-376.9357,294.69516,35.19115,99879.33,35.81
Wed Jan 01 01:04:41 CET 2020,1577837081,850790,-0.5066811,-0.12368328,-9.095794,0.9733106082997657,-3.193311664248873,-2.0314785761558807,40.70173,-372.64578,293.178,35.188797,99879.47,35.815002
Wed Jan 01 01:04:41 CET 2020,1577837081,950790,-0.10337221,0.14700389,-9.515528,-9.21510848267541,-7.522555428566161,-1.91433870694242,46.951294,-375.01526,293.62488,35.192085,99879.945,35.815002
Wed Jan 01 01:04:42 CET 2020,1577837082,50790,-0.38801515,-0.10926751,-9.938825,1.6928717962705169,-1.510757096392633,-2.7419490859053077,48.77581,-378.6098,295.2881,35.189262,99880.39,35.818
Wed Jan 01 01:04:42 CET 2020,1577837082,150822,-0.7906421,0.09266435,-10.236009,0.23979974553214367,-2.047067951699499,-5.153351015145867,49.316406,-379.27246,293.73605,35.189674,99880.64,35.8175
Wed Jan 01 01:04:42 CET 2020,1577837082,250790,-0.45815966,-0.623053,-10.283884,4.73565307318346,-0.5468182665440324,-4.1253720280752635,48.863003,-374.5466,292.93387,35.192623,99879.64,35.82
Wed Jan 01 01:04:42 CET 2020,1577837082,350790,-0.515206,-0.71472764,-9.745943,5.660512292676916,2.662958707064018,-5.747777218024703,46.822685,-371.6169,291.78293,35.191402,99879.68,35.82
Wed Jan 01 01:04:42 CET 2020,1577837082,450790,-0.49295452,-0.7002727,-9.7013,2.1944907547450545,3.6536828067617404,-4.20828779252355,44.45103,-364.4322,289.44614,35.19447,99880.64,35.82
Wed Jan 01 01:04:42 CET 2020,1577837082,550790,0.09200261,-0.5793947,-9.355653,3.4219687909510395,-0.449634730211029,0.32591636429847076,44.241768,-359.40988,287.40582,35.192,99880.74,35.82
Wed Jan 01 01:04:42 CET 2020,1577837082,650790,-0.19778407,-1.2180545,-9.462005,5.656633959484201,-2.3114284503590823,2.152978231007551,46.439034,-354.70145,285.73172,35.189724,99878.336,35.82
Wed Jan 01 01:04:42 CET 2020,1577837082,750834,-0.40991595,-1.033914,-9.93121,-5.8217515059395355,-3.1947493431781697,2.1092833859392375,49.54311,-352.67856,284.79004,35.19506,99879.76,35.82
Wed Jan 01 01:04:42 CET 2020,1577837082,850790,-0.04673739,-0.9083359,-10.076562,0.40711092107591434,1.1670599283008403,1.7053792386786442,52.50767,-357.89273,286.65598,35.19904,99879.914,35.82
Wed Jan 01 01:04:42 CET 2020,1577837082,950790,-0.2599048,-0.77074194,-9.878766,7.4142061645964885,3.6028683242845876,2.4894690182880446,49.333843,-353.04477,285.226,35.199642,99880.05,35.822502
Wed Jan 01 01:04:43 CET 2020,1577837083,50790,-0.3291762,-0.4155776,-10.782681,-21.05158285600909,2.945095000711532,7.5515354658685805,42.69409,-361.72485,289.67285,35.18971,99881.17,35.82
Wed Jan 01 01:04:43 CET 2020,1577837083,150790,-0.83438057,-0.1888105,-9.841778,-1.4853524354477428,4.924633479215041,5.82281033704287,36.743164,-375.19183,295.6543,35.198475,99881.39,35.822502
Wed Jan 01 01:04:43 CET 2020,1577837083,250790,-0.6099899,0.32945964,-9.744807,-2.6562302118216476,3.45269614242513,6.093512894019782,36.830357,-376.79617,296.17746,35.200363,99882.164,35.82
Wed Jan 01 01:04:43 CET 2020,1577837083,350864,-0.23523602,-0.04487997,-9.591663,-3.9904035437442915,4.811026487404274,4.947613878350522,33.604214,-376.70898,296.38672,35.191795,99881.086,35.822502
Wed Jan 01 01:04:43 CET 2020,1577837083,450790,-0.15399577,0.5553543,-9.39501,0.5070894846537731,2.143211971186322,-0.9301438886362758,31.37207,-382.1324,298.4445,35.192924,99878.85,35.825
Wed Jan 01 01:04:43 CET 2020,1577837083,550790,-0.00569661,0.55216205,-9.072993,-4.531976528569717,-1.0121988215761688,-1.910007304534761,30.308315,-379.49918,298.0957,35.190018,99880.45,35.83
Wed Jan 01 01:04:43 CET 2020,1577837083,650790,-0.040300284,0.117350794,-9.288004,6.828211147229116,-3.465763356781235,-3.418934365575775,33.0113,-377.9471,296.7355,35.19868,99880.34,35.83
Wed Jan 01 01:04:43 CET 2020,1577837083,750790,-0.40392396,-0.031597152,-10.286759,5.962196587729006,-3.2714836346456138,-5.688935593670989,33.168247,-371.58203,295.68918,35.194733,99880.73,35.83
Wed Jan 01 01:04:43 CET 2020,1577837083,850790,0.036504075,-0.0583248,-11.056927,-5.951668382360367,-3.6196988210913883,-4.735520719295543,35.260883,-370.4311,295.46246,35.196793,99880.21,35.83
Wed Jan 01 01:04:43 CET 2020,1577837083,950806,-0.36808884,-0.56597006,-10.108133,5.7806422669270265,2.555671006273347,-4.841040463565053,33.691406,-371.27686,295.95947,35.197212,99880.32,35.83
Wed Jan 01 01:04:44 CET 2020,1577837084,50790,-0.4670068,-0.8287989,-9.171169,-5.901485009362523,-1.054456746625093,-6.419327488499619,29.97698,-370.20438,295.82867,35.19303,99879.8,35.83
Wed Jan 01 01:04:44 CET 2020,1577837084,150790,-0.3157791,-0.9410038,-9.691785,5.889534910390669,2.503927769851054,-10.183698519566809,27.291433,-371.1984,296.7878,35.193314,99881.914,35.83
Wed Jan 01 01:04:44 CET 2020,1577837084,250790,0.39360318,-0.38898745,-9.212863,-3.9652119847015057,-3.238960702329718,-10.331753342783562,23.31543,-367.1003,295.84613,35.192825,99881.54,35.83
Wed Jan 01 01:04:44 CET 2020,1577837084,350790,0.14543362,-0.5036826,-9.450937,-6.79134998231639,-7.12945588166262,-5.625012308574783,27.308872,-368.60004,297.11914,35.19462,99880.1,35.83
Wed Jan 01 01:04:44 CET 2020,1577837084,450790,-0.42073327,-0.36982763,-9.981822,-4.256586336874434,-6.998828058440181,-6.464112887105411,34.371513,-371.8436,297.29352,35.20673,99880.58,35.83
Wed Jan 01 01:04:44 CET 2020,1577837084,550793,-0.2696819,-0.17975102,-10.409511,6.355834657103107,-0.8140038073353237,-6.62881515805921,35.993305,-369.64633,297.15402,35.207657,99880.44,35.83
Wed Jan 01 01:04:44 CET 2020,1577837084,650790,0.005089713,-0.24768454,-10.519637,7.962766888288781,-1.4759724607695734,-4.22562250907308,34.16225,-358.18918,294.4859,35.199146,99881.95,35.8325
Wed Jan 01 01:04:44 CET 2020,1577837084,750790,-0.60847783,0.8505099,-9.590123,-29.592857660079062,2.6191908548625764,1.7419489821867817,33.74372,-366.0191,297.6946,35.203773,99880.83,35.8325
Wed Jan 01 01:04:44 CET 2020,1577837084,850790,-0.9451101,0.6712523,-9.3076315,19.695793341401192,6.138470109828695,8.432105917399895,29.266357,-377.80762,301.7578,35.202908,99882.266,35.8325
Wed Jan 01 01:04:44 CET 2020,1577837084,950790,-0.5083301,0.456555,-9.559146,0.7886245698723443,-0.7843787725022827,8.995512133144201,27.134487,-360.21207,298.11313,35.207535,99880.625,35.8375
Wed Jan 01 01:04:45 CET 2020,1577837085,50800,-0.76939917,0.59907633,-9.915876,-5.0500661087727865,-5.415262359751065,6.315263940561158,25.425503,-375.27902,305.5071,35.205006,99879.8,35.836
Wed Jan 01 01:04:45 CET 2020,1577837085,150790,-0.6845464,-0.08202855,-9.680592,19.465945636835702,0.319964082109777,-0.678931200565004,25.983538,-366.12375,302.90875,35.201305,99879.6,35.837498
Wed Jan 01 01:04:45 CET 2020,1577837085,250790,-0.72059387,-0.25029877,-10.177214,2.6608210096357854,3.8464094956620825,-4.634901408082547,24.745396,-352.66113,299.07227,35.206768,99880.01,35.8375
Wed Jan 01 01:04:45 CET 2020,1577837085,350790,-0.62764966,0.07497469,-10.70252,4.775771479420373,3.5572299109424517,-3.3559849136732325,19.461496,-351.99847,299.96164,35.200527,99881.26,35.837498
Wed Jan 01 01:04:45 CET 2020,1577837085,450790,-0.19948778,-0.9890472,-9.72323,3.0540374286651244,3.658729557648472,-1.6406405807775215,13.148717,-346.85406,298.4096,35.207596,99880.13,35.84
Wed Jan 01 01:04:45 CET 2020,1577837085,550790,-0.14658391,-0.20793566,-9.46326,11.668624751210341,0.5569626152813169,-2.5514988231643403,11.561803,-341.3609,298.148,35.206306,99880.63,35.84
Wed Jan 01 01:04:45 CET 2020,1577837085,650843,-0.3377695,-0.88879454,-10.035983,1.1609018297451568,6.50410501073367,3.6863065223133895,8.754186,-328.56097,294.67773,35.208244,99879.984,35.84
Wed Jan 01 01:04:45 CET 2020,1577837085,750790,-0.26163524,-1.1003866,-9.7922125,5.806868371956097,5.8844514282644,3.8626671672704913,3.7231445,-330.85632,295.99,35.20172,99880.92,35.84
Wed Jan 01 01:04:45 CET 2020,1577837085,850790,0.34636188,-1.6630498,-9.090338,10.038230061315765,6.4561012269909686,1.2396779683194803,-2.1362305,-318.88834,292.01254,35.20865,99880.04,35.84
Wed Jan 01 01:04:45 CET 2020,1577837085,950790,0.5312658,-1.1614093,-9.227517,-17.82792056316435,1.112728733202029,1.6296676542029236,-6.9732666,-325.05798,295.3949,35.210674,99879.86,35.84
Wed Jan 01 01:04:46 CET 2020,1577837086,50790,0.30770236,-0.9243262,-9.310091,0.7131016503996978,-1.6094264644885816,0.4342683982893067,-8.492606,-331.17676,298.58398,35.209206,99880.39,35.84
Wed Jan 01 01:04:46 CET 2020,1577837086,150790,0.31072894,-0.6199868,-10.413802,0.061433870871211965,-9.919565693879559,1.988515472020648,-4.1155133,-331.49066,300.72894,35.21218,99879.625,35.84
Wed Jan 01 01:04:46 CET 2020,1577837086,250861,-0.08632536,-0.6650105,-10.586811,-7.469244739620341,-8.450448466306954,2.1823315002026162,4.272461,-330.3397,300.83356,35.210445,99880.77,35.84
Wed Jan 01 01:04:46 CET 2020,1577837086,350790,-0.6882567,-0.42226568,-9.655499,-6.345673157001907,-2.0794196739401998,-0.0392038320490811,8.94601,-338.53586,303.85043,35.20886,99880.48,35.8425
Wed Jan 01 01:04:46 CET 2020,1577837086,450790,-0.54868484,-0.07577506,-9.517285,1.9041476093548164,5.935697275133135,0.7614557469558306,9.940011,-334.73422,302.83902,35.20908,99880.11,35.84
Wed Jan 01 01:04:46 CET 2020,1577837086,550790,-0.8827632,0.27944133,-9.255957,-6.0653895142212635,-3.958422169538587,0.9987935128561478,7.167271,-333.4438,303.57144,35.215977,99880.125,35.84
Wed Jan 01 01:04:46 CET 2020,1577837086,650790,-0.42577222,0.24999462,-9.90303,2.9975739243984263,-7.100080604080229,-0.07669906381816197,11.753627,-337.59418,305.89078,35.213673,99882.78,35.845
Wed Jan 01 01:04:46 CET 2020,1577837086,750790,-0.34158656,-0.0034291418,-9.943871,5.746497392356225,-2.051589688712029,-0.293257928618541,14.683314,-331.63016,305.1932,35.21018,99881.07,35.8425
Wed Jan 01 01:04:46 CET 2020,1577837086,850867,-0.60592645,-0.0118210185,-9.8378,1.4776414554387614,0.7241666327461092,-1.475557033486055,13.290405,-327.56042,304.77905,35.209446,99880.26,35.848
Wed Jan 01 01:04:46 CET 2020,1577837086,950790,-0.0738825,0.20227379,-10.043092,-3.928966751069934,-2.1712221216265997,-2.499672865562099,12.067522,-328.33426,306.51855,35.21177,99880.14,35.8475
Wed Jan 01 01:04:47 CET 2020,1577837087,50790,0.08164726,0.051635373,-10.504331,7.702454718641256,4.904663220337777,-4.50151388487146,0.5754743,-335.86774,312.77902,35.20576,99880.34,35.8475
Wed Jan 01 01:04:47 CET 2020,1577837087,150790,-0.2550635,-0.37554124,-11.127355,-1.342610133367425,8.344640032708527,-2.8941763957950313,-8.614676,-326.83453,311.17465,35.21512,99884.29,35.85
Wed Jan 01 01:04:47 CET 2020,1577837087,250790,-0.5200356,-0.80404663,-9.777242,-4.886558969141759,10.705562006959282,-0.28142196969681665,-17.386301,-334.19363,313.8602,35.213596,99879.67,35.85
Wed Jan 01 01:04:47 CET 2020,1577837087,350790,0.06049023,-0.980677,-8.873357,4.323143039350632,9.045713719979831,0.329198573758625,-29.209682,-328.64816,312.5523,35.212063,99879.31,35.85
Wed Jan 01 01:04:47 CET 2020,1577837087,450821,0.08229058,-0.6229422,-8.815312,-1.9448192609145005,-2.0817067248382832,0.6455138170317997,-34.127373,-332.81598,313.89508,35.214554,99882.65,35.85
Wed Jan 01 01:04:47 CET 2020,1577837087,550790,0.5752083,-0.43706033,-9.078772,-2.709417653798445,-5.49678385491678,1.254622498114459,-29.61077,-328.90973,313.44168,35.21471,99880.22,35.85
Wed Jan 01 01:04:47 CET 2020,1577837087,650790,0.28857553,-0.71709704,-9.822911,1.0182580341708687,-6.498968101349894,4.759387221639347,-23.507254,-330.07812,314.78445,35.215946,99880.484,35.85
Wed Jan 01 01:04:47 CET 2020,1577837087,750790,0.3423252,-1.1696994,-10.131803,-0.01686643474832429,-0.6781042923294878,3.9987051074435063,-20.812988,-329.81873,316.48254,35.216446,99879.99,35.85
Wed Jan 01 01:04:47 CET 2020,1577837087,850790,0.05843151,-0.18907386,-10.8000345,-5.027946313472728,4.189690249887477,4.263347009896894,-22.024973,-330.8803,318.0978,35.21115,99882.23,35.85
Wed Jan 01 01:04:47 CET 2020,1577837087,950790,-0.2616553,-0.11618464,-10.295582,9.100692796466914,6.1558218259601585,5.302335958345595,-29.401506,-330.4269,318.84766,35.21538,99882.4,35.85
Wed Jan 01 01:04:48 CET 2020,1577837088,50805,-0.3775597,-0.23721848,-9.288651,-0.3233670720817543,4.773326271697509,2.207166523370727,-35.7666,-325.42203,316.99918,35.206654,99881.87,35.852
Wed Jan 01 01:04:48 CET 2020,1577837088,150790,-0.4424049,-0.35359162,-9.243763,1.0440789572001756,4.796817872546869,3.1254818145113843,-42.3584,-324.149,315.7436,35.21774,99882.05,35.8525
Wed Jan 01 01:04:48 CET 2020,1577837088,250790,0.30447942,0.26465923,-9.550568,-2.114662387583595,-5.179810864426533,-1.2894897790264754,-42.34096,-326.17188,317.95828,35.22168,99881.72,35.85
Wed Jan 01 01:04:48 CET 2020,1577837088,350790,0.16474886,-0.058356937,-10.034482,11.31002099881896,-1.6576096545334826,1.0879724089913547,-39.0625,-317.8188,315.27274,35.22696,99879.336,35.8525
Wed Jan 01 01:04:48 CET 2020,1577837088,450790,-0.23569994,-0.18804017,-9.9042635,1.6011133653587684,-0.1672828682042105,0.1877540835116004,-36.44671,-309.2913,311.94196,35.21856,99881.71,35.855
Wed Jan 01 01:04:48 CET 2020,1577837088,550813,-0.006825588,-0.2533558,-10.340841,3.414454368608173,2.1817186045610937,-1.3425620184792717,-38.103374,-306.46625,312.22098,35.218533,99881.39,35.855
Wed Jan 01 01:04:48 CET 2020,1577837088,650790,-0.30698404,-0.95830464,-9.812346,2.621020131304287,7.0240942942178926,-3.2612164942852506,-46.157837,-304.21448,311.9812,35.218086,99881.35,35.857998
Wed Jan 01 01:04:48 CET 2020,1577837088,750790,0.23783685,-0.6450555,-10.341653,3.5788357724529622,0.10206874375949036,-6.856968975710537,-51.73747,-302.95816,311.44205,35.220337,99882.63,35.8575
Wed Jan 01 01:04:48 CET 2020,1577837088,850790,-0.12334254,-1.3788785,-9.234485,0.6842741539887419,5.147422410946295,-4.652314747698522,-59.631348,-301.97144,310.1349,35.22156,99881.96,35.8575
Wed Jan 01 01:04:48 CET 2020,1577837088,950791,-0.087234326,-0.6245709,-9.443386,7.759379033003958,-1.721701872975159,-2.593144156135705,-65.13323,-301.56598,310.44223,35.223946,99881.734,35.86
Wed Jan 01 01:04:49 CET 2020,1577837089,50790,0.08819695,-1.5624565,-9.907215,17.133929630280367,-0.9789581122694954,2.802664307039348,-74.00948,-293.19547,308.2973,35.21768,99880.98,35.86
Wed Jan 01 01:04:49 CET 2020,1577837089,150831,0.19754629,-0.9019796,-10.007201,-16.233148497213005,-0.4783395488353923,4.923516667394753,-71.23675,-293.9802,308.85532,35.21994,99880.336,35.86
Wed Jan 01 01:04:49 CET 2020,1577837089,250792,-0.06365873,-0.8494502,-10.058148,-1.8857590705073448,0.8280307391608066,6.7123092118572245,-68.81278,-301.11258,310.98285,35.220436,99881.78,35.86
Wed Jan 01 01:04:49 CET 2020,1577837089,350790,-0.25204217,-0.87587357,-9.595743,5.14519850135254,4.346295559253197,5.004162076962928,-69.05692,-300.851,310.86078,35.22321,99879.84,35.86
Wed Jan 01 01:04:49 CET 2020,1577837089,450790,0.046680506,-1.0042971,-9.545582,-7.1746468417231295,1.609534685041431,2.80175331158605,-71.16699,-299.19434,310.0063,35.226852,99880.52,35.86
Wed Jan 01 01:04:49 CET 2020,1577837089,550790,0.27281028,-0.8955828,-9.77375,3.5710238574262463,-0.5243991951218411,0.7459142586273928,-68.586075,-300.0837,310.26785,35.220592,99879.695,35.86
Wed Jan 01 01:04:49 CET 2020,1577837089,650790,0.28265217,-0.96406585,-9.908177,2.5006514039971894,1.129136061844252,-1.1638465519693215,-69.84166,-297.3284,308.55887,35.2215,99881.09,35.86
Wed Jan 01 01:04:49 CET 2020,1577837089,750859,0.34661427,-0.66657823,-9.877899,2.480820480978993,2.8270398861492896,-1.57687272043043,-72.631836,-296.34094,308.1665,35.228745,99880.445,35.86
