Human Timestamp,Unix Time,Microseconds,System Failure,Accelerometer Failure,Gyroscope Failure,Magnetometer Failure,Pressure Failure,GNSS Failure,Accelerometer Overrange,Gyroscope Overrange,Magnetometer Overrange,Pressure Overrange,Minimum Temperature,Maximum Temperature,Low Voltage,High Voltage,GNSS Antenna Disconnected,Data Overflow,Orientation Ready,Navigation Ready,Heading Ready,Time Ready,GNSS Fix Type,Event 1 Flag,Event 2 Flag,Internal GNSS Enabled,Magnetic Heading Enabled,Velocity Heading Enabled,Atmospheric Altitude Enabled,External Position Active,External Velocity Active,External Heading Active,Latitude (degrees),Longitude (degrees),Height (m),Velocity North (m/s),Velocity East (m/s),Velocity Down (m/s),Acceleration X (m/s/s),Acceleration Y (m/s/s),Acceleration Z (m/s/s),G Force (g),Roll (degrees),Pitch (degrees),Heading (degrees),Angular Velocity X (degrees/s),Angular Velocity Y (degrees/s),Angular Velocity Z (degrees/s),Latitude Error (m),Longitude Error (m),Height Error (m)
Wed Jan 01 01:04:23 CET 2020,1577837063,950790,0,0,0,0,0,0,0,0,0,0,0,0,0,0,0,0,1,0,1,0,0,0,0,1,1,1,1,0,0,0,-1.43144073694989E-125,-1.43144073694989E-125,-2.8735182454018313E-16,0.0,0.0,0.0,0.0,0.0,0.0,0.0,7.587964355697834,1.0041083866132978,308.87945067516125,-2.9616012912057292,-3.0203415251957653,-3.955666415881459,0.0,0.0,50.0
Wed Jan 01 01:04:24 CET 2020,1577837064,50790,0,0,0,0,0,0,0,0,0,0,0,0,0,0,0,0,1,0,1,0,0,0,0,1,1,1,1,0,0,0,-1.43144073694989E-125,-1.43144073694989E-125,-2.8735182454018313E-16,0.0,0.0,0.0,0.0,0.0,0.0,0.0,8.101611580864727,0.8477887309368656,308.29219768873077,5.169370692607196,-2.6732889887287086,-7.716280842905141,0.0,0.0,50.0
Wed Jan 01 01:04:24 CET 2020,1577837064,150789,0,0,0,0,0,0,0,0,0,0,0,0,0,0,0,0,1,0,1,0,0,0,0,1,1,1,1,0,0,0,-1.43144073694989E-125,-1.43144073694989E-125,-2.8735182454018313E-16,0.0,0.0,0.0,0.0,0.0,0.0,0.0,7.523928751935278,1.149258330376045,307.54019446824026,-5.683001525320082,1.6475794458463282,-10.087219213682728,0.0,0.0,50.0
Wed Jan 01 01:04:24 CET 2020,1577837064,250790,0,0,0,0,0,0,0,0,0,0,0,0,0,0,0,0,1,0,1,0,0,0,0,1,1,1,1,0,0,0,-1.43144073694989E-125,-1.43144073694989E-125,-2.8735182454018313E-16,0.0,0.0,0.0,0.0,0.0,0.0,0.0,8.452621984282834,2.1421910855783772,306.4554074318049,9.540805901465486,8.433419135104316,-12.0590784346114,0.0,0.0,50.0
Wed Jan 01 01:04:24 CET 2020,1577837064,350790,0,0,0,0,0,0,0,0,0,0,0,0,0,0,0,0,1,0,1,0,0,0,0,1,1,1,1,0,0,0,-1.43144073694989E-125,-1.43144073694989E-125,-2.8735182454018313E-16,0.0,0.0,0.0,0.0,0.0,0.0,0.0,10.582018759507944,3.125154268995187,305.8939743818208,21.611889076562104,8.331583139527167,-9.358995979806567,0.0,0.0,50.0
Wed Jan 01 01:04:24 CET 2020,1577837064,450790,0,0,0,0,0,0,0,0,0,0,0,0,0,0,0,0,1,0,1,0,0,0,0,1,1,1,1,0,0,0,-1.43144073694989E-125,-1.43144073694989E-125,-2.8735182454018313E-16,0.0,0.0,0.0,0.0,0.0,0.0,0.0,9.697428513977105,3.40777049726838,305.73528571297624,-8.659200903947887,2.076392685882032,-4.246934217103335,0.0,0.0,50.0
Wed Jan 01 01:04:24 CET 2020,1577837064,550790,0,0,0,0,0,0,0,0,0,0,0,0,0,0,0,0,1,0,1,0,0,0,0,1,1,1,1,0,0,0,-1.43144073694989E-125,-1.43144073694989E-125,-2.8735182454018313E-16,0.0,0.0,0.0,0.0,0.0,0.0,0.0,11.599274956709554,3.0660546152728267,305.63303565615337,19.193197058747415,-3.854775111357514,-2.6133496770843814,0.0,0.0,50.0
Wed Jan 01 01:04:24 CET 2020,1577837064,650809,0,0,0,0,0,0,0,0,0,0,0,0,0,0,0,0,1,0,1,0,0,0,0,1,1,1,1,0,0,0,-1.43144073694989E-125,-1.43144073694989E-125,-2.8735182454018313E-16,0.0,0.0,0.0,0.0,0.0,0.0,0.0,11.397253139258732,2.395404260166555,305.5229366495003,-1.8981018294654841,-6.756386092173114,0.27900372224842596,0.0,0.0,50.0
Wed Jan 01 01:04:24 CET 2020,1577837064,750790,0,0,0,0,0,0,0,0,0,0,0,0,0,0,0,0,1,0,1,0,0,0,0,1,1,1,1,0,0,0,-1.43144073694989E-125,-1.43144073694989E-125,-2.8735182454018313E-16,0.0,0.0,0.0,0.0,0.0,0.0,0.0,11.999361331788073,2.3078089054449205,305.9306157664242,6.000548251700609,-0.451099540169529,1.9616203120168794,0.0,0.0,50.0
Wed Jan 01 01:04:24 CET 2020,1577837064,850790,0,0,0,0,0,0,0,0,0,0,0,0,0,0,0,0,1,0,1,0,0,0,0,1,1,1,1,0,0,0,-1.43144073694989E-125,-1.43144073694989E-125,-2.8735182454018313E-16,0.0,0.0,0.0,0.0,0.0,0.0,0.0,12.423611398330282,2.9295352226543168,306.4706196291243,4.069515044606862,6.800039197196499,1.7450635484483075,0.0,0.0,50.0
Wed Jan 01 01:04:24 CET 2020,1577837064,950790,0,0,0,0,0,0,0,0,0,0,0,0,0,0,0,0,1,0,1,0,0,0,0,1,1,1,1,0,0,0,-1.43144073694989E-125,-1.43144073694989E-125,-2.8735182454018313E-16,0.0,0.0,0.0,0.0,0.0,0.0,0.0,11.297228813413433,2.8240418884495986,306.39259640506947,-11.298796417718941,-1.2398460668640534,-0.5578896237336691,0.0,0.0,50.0
Wed Jan 01 01:04:25 CET 2020,1577837065,50790,0,0,0,0,0,0,0,0,0,0,0,0,0,0,0,0,1,0,1,0,0,0,0,1,1,1,1,0,0,0,-1.43144073694989E-125,-1.43144073694989E-125,-2.8735182454018313E-16,0.0,0.0,0.0,0.0,0.0,0.0,0.0,11.722538925314828,2.6097591225286965,305.76333988019115,4.567933072872369,-3.7214558900381274,-7.943034623558597,0.0,0.0,50.0
Wed Jan 01 01:04:25 CET 2020,1577837065,150790,0,0,0,0,0,0,0,0,0,0,0,0,0,0,0,0,1,0,1,0,0,0,0,1,1,1,1,0,0,0,-1.43144073694989E-125,-1.43144073694989E-125,-2.8735182454018313E-16,0.0,0.0,0.0,0.0,0.0,0.0,0.0,12.333293833769442,2.6450548080836542,305.4164706963578,6.346177073180672,-0.9011979263887158,-5.65659388904107,0.0,0.0,50.0
Wed Jan 01 01:04:25 CET 2020,1577837065,250822,0,0,0,0,0,0,0,0,0,0,0,0,0,0,0,0,1,0,1,0,0,0,0,1,1,1,1,0,0,0,-1.43144073694989E-125,-1.43144073694989E-125,-2.8735182454018313E-16,0.0,0.0,0.0,0.0,0.0,0.0,0.0,8.843238985096047,1.8891752275662221,305.3692798569083,-34.736974866595,-7.969699682078327,-1.3496730043151628,0.0,0.0,50.0
Wed Jan 01 01:04:25 CET 2020,1577837065,350790,0,0,0,0,0,0,0,0,0,0,0,0,0,0,0,0,1,0,1,0,0,0,0,1,1,1,1,0,0,0,-1.43144073694989E-125,-1.43144073694989E-125,-2.8735182454018313E-16,0.0,0.0,0.0,0.0,0.0,0.0,0.0,10.002071950541607,1.4873873764744618,305.39799457930695,11.709486889156878,-3.8519510558086862,0.8956776916105207,0.0,0.0,50.0
Wed Jan 01 01:04:25 CET 2020,1577837065,450790,0,0,0,0,0,0,0,0,0,0,0,0,0,0,0,0,1,0,1,0,0,0,0,1,1,1,1,0,0,0,-1.43144073694989E-125,-1.43144073694989E-125,-2.8735182454018313E-16,0.0,0.0,0.0,0.0,0.0,0.0,0.0,9.58644977895896,1.3871910816440614,305.74746712768797,-4.177428694289469,-0.7061642272597157,1.3621292961955058,0.0,0.0,50.0
Wed Jan 01 01:04:25 CET 2020,1577837065,550790,0,0,0,0,0,0,0,0,0,0,0,0,0,0,0,0,1,0,1,0,0,0,0,1,1,1,1,0,0,0,-1.43144073694989E-125,-1.43144073694989E-125,-2.8735182454018313E-16,0.0,0.0,0.0,0.0,0.0,0.0,0.0,9.498673044769365,1.4296303861609447,305.8978988567359,-0.9076280182553473,0.37506431856363615,-0.8307581854783742,0.0,0.0,50.0
Wed Jan 01 01:04:25 CET 2020,1577837065,650790,0,0,0,0,0,0,0,0,0,0,0,0,0,0,0,0,1,0,1,0,0,0,0,1,1,1,1,0,0,0,-1.43144073694989E-125,-1.43144073694989E-125,-2.8735182454018313E-16,0.0,0.0,0.0,0.0,0.0,0.0,0.0,9.897547592507141,1.4608124764517763,305.6863463450992,3.9969414008178274,-0.05770429350679574,-2.133369820374315,0.0,0.0,50.0
Wed Jan 01 01:04:25 CET 2020,1577837065,750790,0,0,0,0,0,0,0,0,0,0,0,0,0,0,0,0,1,0,1,0,0,0,0,1,1,1,1,0,0,0,-1.43144073694989E-125,-1.43144073694989E-125,-2.8735182454018313E-16,0.0,0.0,0.0,0.0,0.0,0.0,0.0,10.539925366127026,1.5859392653166866,305.5807546561704,6.44646185690632,0.713938424464015,-3.478049197496291,0.0,0.0,50.0
Wed Jan 01 01:04:25 CET 2020,1577837065,850836,0,0,0,0,0,0,0,0,0,0,0,0,0,0,0,0,1,0,1,0,0,0,0,1,1,1,1,0,0,0,-1.43144073694989E-125,-1.43144073694989E-125,-2.8735182454018313E-16,0.0,0.0,0.0,0.0,0.0,0.0,0.0,9.445054541964948,1.5221279953228701,305.57228400734374,-10.923404363911631,-1.0173941670228435,-2.213999444616408,0.0,0.0,50.0
Wed Jan 01 01:04:25 CET 2020,1577837065,950790,0,0,0,0,0,0,0,0,0,0,0,0,0,0,0,0,1,0,1,0,0,0,0,1,1,1,1,0,0,0,-1.43144073694989E-125,-1.43144073694989E-125,-2.8735182454018313E-16,0.0,0.0,0.0,0.0,0.0,0.0,0.0,9.234058159508693,1.6400867283268243,305.8108221410452,-2.0897399379941075,1.1960848930698,-0.07986905421889029,0.0,0.0,50.0
Wed Jan 01 01:04:26 CET 2020,1577837066,50790,0,0,0,0,0,0,0,0,0,0,0,0,0,0,0,0,1,0,1,0,0,0,0,1,1,1,1,0,0,0,-1.43144073694989E-125,-1.43144073694989E-125,-2.8735182454018313E-16,0.0,0.0,0.0,0.0,0.0,0.0,0.0,10.054463447807127,1.7303296161527375,305.8179716795044,8.159091417279923,0.9528346877509476,-0.09984407525582643,0.0,0.0,50.0
Wed Jan 01 01:04:26 CET 2020,1577837066,150790,0,0,0,0,0,0,0,0,0,0,0,0,0,0,0,0,1,0,1,0,0,0,0,1,1,1,1,0,0,0,-1.43144073694989E-125,-1.43144073694989E-125,-2.8735182454018313E-16,0.0,0.0,0.0,0.0,0.0,0.0,0.0,9.472344335120763,1.352011357523012,305.89502349887726,-5.8234211077366504,-3.953336562464577,-0.8546948110976562,0.0,0.0,50.0
Wed Jan 01 01:04:26 CET 2020,1577837066,250790,0,0,0,0,0,0,0,0,0,0,0,0,0,0,0,0,1,0,1,0,0,0,0,1,1,1,1,0,0,0,-1.43144073694989E-125,-1.43144073694989E-125,-2.8735182454018313E-16,0.0,0.0,0.0,0.0,0.0,0.0,0.0,8.706550810914047,0.943385121034235,306.0144868466644,-7.626762258695211,-4.154566685099603,-0.42915057548971147,0.0,0.0,50.0
Wed Jan 01 01:04:26 CET 2020,1577837066,350790,0,0,0,0,0,0,0,0,0,0,0,0,0,0,0,0,1,0,1,0,0,0,0,1,1,1,1,0,0,0,-1.43144073694989E-125,-1.43144073694989E-125,-2.8735182454018313E-16,0.0,0.0,0.0,0.0,0.0,0.0,0.0,8.651750230037274,0.798503983160823,305.93663847545236,-0.5743005951434496,-1.5316315205340258,-0.5600306224200005,0.0,0.0,50.0
Wed Jan 01 01:04:26 CET 2020,1577837066,450865,0,0,0,0,0,0,0,0,0,0,0,0,0,0,0,0,1,0,1,0,0,0,0,1,1,1,1,0,0,0,-1.43144073694989E-125,-1.43144073694989E-125,-2.8735182454018313E-16,0.0,0.0,0.0,0.0,0.0,0.0,0.0,8.388188711728601,1.040204646229972,306.11415296703325,-2.6477862766237332,2.3501325520918583,-0.8643477656696538,0.0,0.0,50.0
Wed Jan 01 01:04:26 CET 2020,1577837066,550790,0,0,0,0,0,0,0,0,0,0,0,0,0,0,0,0,1,0,1,0,0,0,0,1,1,1,1,0,0,0,-1.43144073694989E-125,-1.43144073694989E-125,-2.8735182454018313E-16,0.0,0.0,0.0,0.0,0.0,0.0,0.0,8.166560305028323,1.3102468756961259,306.270840542233,-2.2480735887838046,2.640817662286542,-1.1121371629289152,0.0,0.0,50.0
Wed Jan 01 01:04:26 CET 2020,1577837066,650790,0,0,0,0,0,0,0,0,0,0,0,0,0,0,0,0,1,0,1,0,0,0,0,1,1,1,1,0,0,0,-1.43144073694989E-125,-1.43144073694989E-125,-2.8735182454018313E-16,0.0,0.0,0.0,0.0,0.0,0.0,0.0,8.118613591310686,1.4878287584768262,306.5441355354548,-0.4923083102164439,1.8640758001862408,0.1826807138598534,0.0,0.0,50.0
Wed Jan 01 01:04:26 CET 2020,1577837066,750790,0,0,0,0,0,0,0,0,0,0,0,0,0,0,0,0,1,0,1,0,0,0,0,1,1,1,1,0,0,0,-1.43144073694989E-125,-1.43144073694989E-125,-2.8735182454018313E-16,0.0,0.0,0.0,0.0,0.0,0.0,0.0,8.132708673245887,1.5288523924517383,306.7559211842152,0.08124061312247192,0.7201177724971164,2.0298660443838314,0.0,0.0,50.0
Wed Jan 01 01:04:26 CET 2020,1577837066,850790,0,0,0,0,0,0,0,0,0,0,0,0,0,0,0,0,1,0,1,0,0,0,0,1,1,1,1,0,0,0,-1.43144073694989E-125,-1.43144073694989E-125,-2.8735182454018313E-16,0.0,0.0,0.0,0.0,0.0,0.0,0.0,7.6202174196505235,1.759623386811033,307.24111839475927,-5.2074272924066545,2.6740642910904957,2.240399188232378,0.0,0.0,50.0
Wed Jan 01 01:04:26 CET 2020,1577837066,950790,0,0,0,0,0,0,0,0,0,0,0,0,0,0,0,0,1,0,1,0,0,0,0,1,1,1,1,0,0,0,-1.43144073694989E-125,-1.43144073694989E-125,-2.8735182454018313E-16,0.0,0.0,0.0,0.0,0.0,0.0,0.0,7.8983700434101225,2.021104581280502,307.60679397323526,2.6855086524998057,2.813131799615365,1.0293073829731798,0.0,0.0,50.0
Wed Jan 01 01:04:27 CET 2020,1577837067,50805,0,0,0,0,0,0,0,0,0,0,0,0,0,0,0,0,1,0,1,0,0,0,0,1,1,1,1,0,0,0,-1.43144073694989E-125,-1.43144073694989E-125,-2.8735182454018313E-16,0.0,0.0,0.0,0.0,0.0,0.0,0.0,7.555966892602084,2.1594099924759798,307.6422308160331,-3.4941004456097837,1.442040839882858,0.15725002230512647,0.0,0.0,50.0
Wed Jan 01 01:04:27 CET 2020,1577837067,150790,0,0,0,0,0,0,0,0,0,0,0,0,0,0,0,0,1,0,1,0,0,0,0,1,1,1,1,0,0,0,-1.43144073694989E-125,-1.43144073694989E-125,-2.8735182454018313E-16,0.0,0.0,0.0,0.0,0.0,0.0,0.0,7.055816121235137,2.170742490564883,307.9404909095813,-5.056513807349279,0.24837886155738126,0.6965895162992103,0.0,0.0,50.0
Wed Jan 01 01:04:27 CET 2020,1577837067,250790,0,0,0,0,0,0,0,0,0,0,0,0,0,0,0,0,1,0,1,0,0,0,0,1,1,1,1,0,0,0,-1.43144073694989E-125,-1.43144073694989E-125,-2.8735182454018313E-16,0.0,0.0,0.0,0.0,0.0,0.0,0.0,7.464936559855859,1.9145021761365557,308.21518472554516,4.038853566512768,-2.4128479561788416,0.804209467847507,0.0,0.0,50.0
Wed Jan 01 01:04:27 CET 2020,1577837067,350790,0,0,0,0,0,0,0,0,0,0,0,0,0,0,0,0,1,0,1,0,0,0,0,1,1,1,1,0,0,0,-1.43144073694989E-125,-1.43144073694989E-125,-2.8735182454018313E-16,0.0,0.0,0.0,0.0,0.0,0.0,0.0,7.489711629141256,1.8791433492772704,308.2844458793687,0.21564544557856288,-0.24057015292502573,0.7254895644973498,0.0,0.0,50.0
Wed Jan 01 01:04:27 CET 2020,1577837067,450790,0,0,0,0,0,0,0,0,0,0,0,0,0,0,0,0,1,0,1,0,0,0,0,1,1,1,1,0,0,0,-1.43144073694989E-125,-1.43144073694989E-125,-2.8735182454018313E-16,0.0,0.0,0.0,0.0,0.0,0.0,0.0,7.52376300601142,2.0251638385952315,308.6248843642075,0.27397668404654885,1.6464797853899562,0.9503078972129968,0.0,0.0,50.0
Wed Jan 01 01:04:27 CET 2020,1577837067,550790,0,0,0,0,0,0,0,0,0,0,0,0,0,0,0,0,1,0,1,0,0,0,0,1,1,1,1,0,0,0,-1.43144073694989E-125,-1.43144073694989E-125,-2.8735182454018313E-16,0.0,0.0,0.0,0.0,0.0,0.0,0.0,7.729420912612392,2.2512270112326087,308.86441333068456,2.0004421965673425,2.3066829867057392,-0.17762781580286874,0.0,0.0,50.0
Wed Jan 01 01:04:27 CET 2020,1577837067,650788,0,0,0,0,0,0,0,0,0,0,0,0,0,0,0,0,1,0,1,0,0,0,0,1,1,1,1,0,0,0,-1.43144073694989E-125,-1.43144073694989E-125,-2.8735182454018313E-16,0.0,0.0,0.0,0.0,0.0,0.0,0.0,7.517820437869545,2.347362227364501,309.0959573506759,-2.1576418841728358,0.9979137844910502,-0.08470550168380246,0.0,0.0,50.0
Wed Jan 01 01:04:27 CET 2020,1577837067,750790,0,0,0,0,0,0,0,0,0,0,0,0,0,0,0,0,1,0,1,0,0,0,0,1,1,1,1,0,0,0,-1.43144073694989E-125,-1.43144073694989E-125,-2.8735182454018313E-16,0.0,0.0,0.0,0.0,0.0,0.0,0.0,7.093084061858431,2.550484312399621,309.1546884777471,-4.281997069098586,2.1026907355703597,0.31831246647747713,0.0,0.0,50.0
Wed Jan 01 01:04:27 CET 2020,1577837067,850790,0,0,0,0,0,0,0,0,0,0,0,0,0,0,0,0,1,0,1,0,0,0,0,1,1,1,1,0,0,0,-1.43144073694989E-125,-1.43144073694989E-125,-2.8735182454018313E-16,0.0,0.0,0.0,0.0,0.0,0.0,0.0,7.057835428717755,2.775251570478474,309.49106649101526,-0.4308886309605074,2.401655249294951,0.797861186468934,0.0,0.0,50.0
Wed Jan 01 01:04:27 CET 2020,1577837067,950790,0,0,0,0,0,0,0,0,0,0,0,0,0,0,0,0,1,0,1,0,0,0,0,1,1,1,1,0,0,0,-1.43144073694989E-125,-1.43144073694989E-125,-2.8735182454018313E-16,0.0,0.0,0.0,0.0,0.0,0.0,0.0,6.7296439284067535,2.9892896638451085,309.8145636782007,-3.358261339832607,2.2633823194435263,0.6976226203566701,0.0,0.0,50.0
Wed Jan 01 01:04:28 CET 2020,1577837068,50790,0,0,0,0,0,0,0,0,0,0,0,0,0,0,0,0,1,0,1,0,0,0,0,1,1,1,1,0,0,0,-1.43144073694989E-125,-1.43144073694989E-125,-2.8735182454018313E-16,0.0,0.0,0.0,0.0,0.0,0.0,0.0,6.828863202621879,3.295247228805922,309.98187842062106,0.9019166899623734,3.2342630500005645,1.2986331255953993,0.0,0.0,50.0
Wed Jan 01 01:04:28 CET 2020,1577837068,150790,0,0,0,0,0,0,0,0,0,0,0,0,0,0,0,0,1,0,1,0,0,0,0,1,1,1,1,0,0,0,-1.43144073694989E-125,-1.43144073694989E-125,-2.8735182454018313E-16,0.0,0.0,0.0,0.0,0.0,0.0,0.0,7.245453743246855,3.7558190270984064,310.27584490547497,4.052948344884006,4.702590707705115,0.0898657096017471,0.0,0.0,50.0
Wed Jan 01 01:04:28 CET 2020,1577837068,250790,0,0,0,0,0,0,0,0,0,0,0,0,0,0,0,0,1,0,1,0,0,0,0,1,1,1,1,0,0,0,-1.43144073694989E-125,-1.43144073694989E-125,-2.8735182454018313E-16,0.0,0.0,0.0,0.0,0.0,0.0,0.0,6.72510139726275,4.00448860806871,310.58556757427027,-5.383743920589106,2.6234932669117583,0.5168172677426776,0.0,0.0,50.0
Wed Jan 01 01:04:28 CET 2020,1577837068,350790,0,0,0,0,0,0,0,0,0,0,0,0,0,0,0,0,1,0,1,0,0,0,0,1,1,1,1,0,0,0,-1.43144073694989E-125,-1.43144073694989E-125,-2.8735182454018313E-16,0.0,0.0,0.0,0.0,0.0,0.0,0.0,6.94428611405998,4.60301444226937,310.8286907380706,2.1414702729479687,5.97484609807187,-0.5503969062141651,0.0,0.0,50.0
Wed Jan 01 01:04:28 CET 2020,1577837068,450790,0,0,0,0,0,0,0,0,0,0,0,0,0,0,0,0,1,0,1,0,0,0,0,1,1,1,1,0,0,0,-1.43144073694989E-125,-1.43144073694989E-125,-2.8735182454018313E-16,0.0,0.0,0.0,0.0,0.0,0.0,0.0,6.46017930527141,5.161522957032833,310.74781158425077,-4.835674363389127,5.45125229608966,-1.466581254224769,0.0,0.0,50.0
Wed Jan 01 01:04:28 CET 2020,1577837068,550790,0,0,0,0,0,0,0,0,0,0,0,0,0,0,0,0,1,0,1,0,0,0,0,1,1,1,1,0,0,0,-1.43144073694989E-125,-1.43144073694989E-125,-2.8735182454018313E-16,0.0,0.0,0.0,0.0,0.0,0.0,0.0,5.641002236767728,5.450643346779658,310.8506833400701,-8.11075674881743,2.764920985249821,-1.5602378705978548,0.0,0.0,50.0
Wed Jan 01 01:04:28 CET 2020,1577837068,650790,0,0,0,0,0,0,0,0,0,0,0,0,0,0,0,0,1,0,1,0,0,0,0,1,1,1,1,0,0,0,-1.43144073694989E-125,-1.43144073694989E-125,-2.8735182454018313E-16,0.0,0.0,0.0,0.0,0.0,0.0,0.0,6.124358028311559,5.567375833154622,310.8030650825605,5.040945225937133,0.9330914947180903,-2.8678070085753724,0.0,0.0,50.0
Wed Jan 01 01:04:28 CET 2020,1577837068,750811,0,0,0,0,0,0,0,0,0,0,0,0,0,0,0,0,1,0,1,0,0,0,0,1,1,1,1,0,0,0,-1.43144073694989E-125,-1.43144073694989E-125,-2.8735182454018313E-16,0.0,0.0,0.0,0.0,0.0,0.0,0.0,5.968728069959317,5.340430807204405,310.5447685776281,-1.3308549224598882,-2.515734131286375,-2.316026230144372,0.0,0.0,50.0
Wed Jan 01 01:04:28 CET 2020,1577837068,850790,0,0,0,0,0,0,0,0,0,0,0,0,0,0,0,0,1,0,1,0,0,0,0,1,1,1,1,0,0,0,-1.43144073694989E-125,-1.43144073694989E-125,-2.8735182454018313E-16,0.0,0.0,0.0,0.0,0.0,0.0,0.0,5.063394995265094,5.361471432615602,310.6811732230685,-9.067763999132339,0.1716905790030967,-0.9714769301805896,0.0,0.0,50.0
Wed Jan 01 01:04:28 CET 2020,1577837068,950790,0,0,0,0,0,0,0,0,0,0,0,0,0,0,0,0,1,0,1,0,0,0,0,1,1,1,1,0,0,0,-1.43144073694989E-125,-1.43144073694989E-125,-2.8735182454018313E-16,0.0,0.0,0.0,0.0,0.0,0.0,0.0,4.883166338290023,5.4155361744457915,311.0363576309794,-1.9216816156461285,0.6840627975794253,1.1940825092781246,0.0,0.0,50.0
Wed Jan 01 01:04:29 CET 2020,1577837069,50790,0,0,0,0,0,0,0,0,0,0,0,0,0,0,0,0,1,0,1,0,0,0,0,1,1,1,1,0,0,0,-1.43144073694989E-125,-1.43144073694989E-125,-2.8735182454018313E-16,0.0,0.0,0.0,0.0,0.0,0.0,0.0,4.821086900705758,5.403662573592642,311.56441321609145,-0.9300701984842306,0.18636116129411476,2.9729479050189176,0.0,0.0,50.0
Wed Jan 01 01:04:29 CET 2020,1577837069,150790,0,0,0,0,0,0,0,0,0,0,0,0,0,0,0,0,1,0,1,0,0,0,0,1,1,1,1,0,0,0,-1.43144073694989E-125,-1.43144073694989E-125,-2.8735182454018313E-16,0.0,0.0,0.0,0.0,0.0,0.0,0.0,4.890120988684911,4.996820686079035,311.8468005571364,0.43113466955260943,-3.7886722370061676,3.1379589005232003,0.0,0.0,50.0
Wed Jan 01 01:04:29 CET 2020,1577837069,250790,0,0,0,0,0,0,0,0,0,0,0,0,0,0,0,0,1,0,1,0,0,0,0,1,1,1,1,0,0,0,-1.43144073694989E-125,-1.43144073694989E-125,-2.8735182454018313E-16,0.0,0.0,0.0,0.0,0.0,0.0,0.0,5.4004022966288225,5.030976185388545,312.3343291389172,4.867610203000365,0.5996795669879613,2.553245530208085,0.0,0.0,50.0
Wed Jan 01 01:04:29 CET 2020,1577837069,350837,0,0,0,0,0,0,0,0,0,0,0,0,0,0,0,0,1,0,1,0,0,0,0,1,1,1,1,0,0,0,-1.43144073694989E-125,-1.43144073694989E-125,-2.8735182454018313E-16,0.0,0.0,0.0,0.0,0.0,0.0,0.0,5.77822711203651,5.198702256978899,312.8068980885958,3.5284186552035224,1.9307446695468091,2.2857050472529252,0.0,0.0,50.0
Wed Jan 01 01:04:29 CET 2020,1577837069,450790,0,0,0,0,0,0,0,0,0,0,0,0,0,0,0,0,1,0,1,0,0,0,0,1,1,1,1,0,0,0,-1.43144073694989E-125,-1.43144073694989E-125,-2.8735182454018313E-16,0.0,0.0,0.0,0.0,0.0,0.0,0.0,4.451570630968438,5.352878751075763,312.98571426245053,-13.535728905492585,1.7332964985462096,1.6346366927150988,0.0,0.0,50.0
Wed Jan 01 01:04:29 CET 2020,1577837069,550790,0,0,0,0,0,0,0,0,0,0,0,0,0,0,0,0,1,0,1,0,0,0,0,1,1,1,1,0,0,0,-1.43144073694989E-125,-1.43144073694989E-125,-2.8735182454018313E-16,0.0,0.0,0.0,0.0,0.0,0.0,0.0,5.358194763197774,5.778584710385055,313.2168114362882,9.05507988249768,4.2791520676363035,-0.2759388076676166,0.0,0.0,50.0
Wed Jan 01 01:04:29 CET 2020,1577837069,650790,0,0,0,0,0,0,0,0,0,0,0,0,0,0,0,0,1,0,1,0,0,0,0,1,1,1,1,0,0,0,-1.43144073694989E-125,-1.43144073694989E-125,-2.8735182454018313E-16,0.0,0.0,0.0,0.0,0.0,0.0,0.0,5.081461908093648,5.989741374613834,313.307113215523,-2.6442968088677645,1.97525777127769,-1.5528943547662202,0.0,0.0,50.0
Wed Jan 01 01:04:29 CET 2020,1577837069,750790,0,0,0,0,0,0,0,0,0,0,0,0,0,0,0,0,1,0,1,0,0,0,0,1,1,1,1,0,0,0,-1.43144073694989E-125,-1.43144073694989E-125,-2.8735182454018313E-16,0.0,0.0,0.0,0.0,0.0,0.0,0.0,3.8992751598379813,5.925550953230091,313.296233483085,-11.566979393802027,-0.8053544352253735,-2.3194695561779475,0.0,0.0,50.0
Wed Jan 01 01:04:29 CET 2020,1577837069,850790,0,0,0,0,0,0,0,0,0,0,0,0,0,0,0,0,1,0,1,0,0,0,0,1,1,1,1,0,0,0,-1.43144073694989E-125,-1.43144073694989E-125,-2.8735182454018313E-16,0.0,0.0,0.0,0.0,0.0,0.0,0.0,2.779164813526947,5.779356977107211,312.89063317218057,-10.771961159738625,-1.642956318470119,-3.950921104010097,0.0,0.0,50.0
Wed Jan 01 01:04:29 CET 2020,1577837069,950856,0,0,0,0,0,0,0,0,0,0,0,0,0,0,0,0,1,0,1,0,0,0,0,1,1,1,1,0,0,0,-1.43144073694989E-125,-1.43144073694989E-125,-2.8735182454018313E-16,0.0,0.0,0.0,0.0,0.0,0.0,0.0,1.546253285945226,5.307677469840508,312.6137634097291,-11.887155591231028,-4.831082351319137,-4.816990912151493,0.0,0.0,50.0
Wed Jan 01 01:04:30 CET 2020,1577837070,50790,0,0,0,0,0,0,0,0,0,0,0,0,0,0,0,0,1,0,1,0,0,0,0,1,1,1,1,0,0,0,-1.43144073694989E-125,-1.43144073694989E-125,-2.8735182454018313E-16,0.0,0.0,0.0,0.0,0.0,0.0,0.0,1.2758415432449746,5.009215506256848,312.2181879951424,-2.2534402960876556,-3.1186731783827524,-6.203087342144573,0.0,0.0,50.0
Wed Jan 01 01:04:30 CET 2020,1577837070,150790,0,0,0,0,0,0,0,0,0,0,0,0,0,0,0,0,1,0,1,0,0,0,0,1,1,1,1,0,0,0,-1.43144073694989E-125,-1.43144073694989E-125,-2.8735182454018313E-16,0.0,0.0,0.0,0.0,0.0,0.0,0.0,0.7190962797612456,4.835475832557252,311.64595292509495,-5.115259201926687,-1.8117230073260193,-5.670999213346572,0.0,0.0,50.0
Wed Jan 01 01:04:30 CET 2020,1577837070,250790,0,0,0,0,0,0,0,0,0,0,0,0,0,0,0,0,1,0,1,0,0,0,0,1,1,1,1,0,0,0,-1.43144073694989E-125,-1.43144073694989E-125,-2.8735182454018313E-16,0.0,0.0,0.0,0.0,0.0,0.0,0.0,0.9688723513770914,5.0122019685259405,311.5014661927006,2.752638787302322,1.7933922974135206,-3.760729781329664,0.0,0.0,50.0
Wed Jan 01 01:04:30 CET 2020,1577837070,350790,0,0,0,0,0,0,0,0,0,0,0,0,0,0,0,0,1,0,1,0,0,0,0,1,1,1,1,0,0,0,-1.43144073694989E-125,-1.43144073694989E-125,-2.8735182454018313E-16,0.0,0.0,0.0,0.0,0.0,0.0,0.0,1.3028285313475843,5.591193461700364,311.47514112581956,3.499746128195735,5.811128588614406,-2.693065573797508,0.0,0.0,50.0
Wed Jan 01 01:04:30 CET 2020,1577837070,450790,0,0,0,0,0,0,0,0,0,0,0,0,0,0,0,0,1,0,1,0,0,0,0,1,1,1,1,0,0,0,-1.43144073694989E-125,-1.43144073694989E-125,-2.8735182454018313E-16,0.0,0.0,0.0,0.0,0.0,0.0,0.0,0.3334061979603252,5.715065165359789,311.3649838348856,-9.615700595316474,1.2329218487564668,-1.1404535335169816,0.0,0.0,50.0
Wed Jan 01 01:04:30 CET 2020,1577837070,550806,0,0,0,0,0,0,0,0,0,0,0,0,0,0,0,0,1,0,1,0,0,0,0,1,1,1,1,0,0,0,-1.43144073694989E-125,-1.43144073694989E-125,-2.8735182454018313E-16,0.0,0.0,0.0,0.0,0.0,0.0,0.0,0.38053260595864374,5.667972680634349,311.71890541670996,0.3011348822243536,-0.46771257134225563,1.2092519799697692,0.0,0.0,50.0
Wed Jan 01 01:04:30 CET 2020,1577837070,650790,0,0,0,0,0,0,0,0,0,0,0,0,0,0,0,0,1,0,1,0,0,0,0,1,1,1,1,0,0,0,-1.43144073694989E-125,-1.43144073694989E-125,-2.8735182454018313E-16,0.0,0.0,0.0,0.0,0.0,0.0,0.0,0.3480598755331475,5.649316853717357,311.79310130631785,-0.2954763930337088,-0.20548895428275393,-1.5947183351298762,0.0,0.0,50.0
Wed Jan 01 01:04:30 CET 2020,1577837070,750790,0,0,0,0,0,0,0,0,0,0,0,0,0,0,0,0,1,0,1,0,0,0,0,1,1,1,1,0,0,0,-1.43144073694989E-125,-1.43144073694989E-125,-2.8735182454018313E-16,0.0,0.0,0.0,0.0,0.0,0.0,0.0,0.26599213598856086,4.986209607748466,311.5931279384901,-0.5146850724112766,-6.688191662115928,-4.266896583317559,0.0,0.0,50.0
Wed Jan 01 01:04:30 CET 2020,1577837070,850790,0,0,0,0,0,0,0,0,0,0,0,0,0,0,0,0,1,0,1,0,0,0,0,1,1,1,1,0,0,0,-1.43144073694989E-125,-1.43144073694989E-125,-2.8735182454018313E-16,0.0,0.0,0.0,0.0,0.0,0.0,0.0,-0.3530596119510922,4.491909728206533,311.26139323960166,-5.939276901386148,-4.980025402691955,-3.3072607726460665,0.0,0.0,50.0
Wed Jan 01 01:04:30 CET 2020,1577837070,950790,0,0,0,0,0,0,0,0,0,0,0,0,0,0,0,0,1,0,1,0,0,0,0,1,1,1,1,0,0,0,-1.43144073694989E-125,-1.43144073694989E-125,-2.8735182454018313E-16,0.0,0.0,0.0,0.0,0.0,0.0,0.0,0.0329676558934479,3.9999582194832315,311.20308953059055,4.020784225172508,-4.902501541356458,-2.89525131578841,0.0,0.0,50.0
Wed Jan 01 01:04:31 CET 2020,1577837071,50790,0,0,0,0,0,0,0,0,0,0,0,0,0,0,0,0,1,0,1,0,0,0,0,1,1,1,1,0,0,0,-1.43144073694989E-125,-1.43144073694989E-125,-2.8735182454018313E-16,0.0,0.0,0.0,0.0,0.0,0.0,0.0,0.03338607375632157,4.143010005023942,311.10456966774643,0.19005249908555277,1.5335067869161483,-3.2970765052476327,0.0,0.0,50.0
Wed Jan 01 01:04:31 CET 2020,1577837071,150793,0,0,0,0,0,0,0,0,0,0,0,0,0,0,0,0,1,0,1,0,0,0,0,1,1,1,1,0,0,0,-1.43144073694989E-125,-1.43144073694989E-125,-2.8735182454018313E-16,0.0,0.0,0.0,0.0,0.0,0.0,0.0,-0.24469993194293546,4.488940872647301,310.78997054744775,-2.6436259325092877,3.4897008930924063,-3.1814486881344317,0.0,0.0,50.0
Wed Jan 01 01:04:31 CET 2020,1577837071,250790,0,0,0,0,0,0,0,0,0,0,0,0,0,0,0,0,1,0,1,0,0,0,0,1,1,1,1,0,0,0,-1.43144073694989E-125,-1.43144073694989E-125,-2.8735182454018313E-16,0.0,0.0,0.0,0.0,0.0,0.0,0.0,-0.08127630086088525,4.50490985492679,310.61587540034736,1.9075815249055357,0.25170421504579277,-4.0496382834302365,0.0,0.0,50.0
Wed Jan 01 01:04:31 CET 2020,1577837071,350790,0,0,0,0,0,0,0,0,0,0,0,0,0,0,0,0,1,0,1,0,0,0,0,1,1,1,1,0,0,0,-1.43144073694989E-125,-1.43144073694989E-125,-2.8735182454018313E-16,0.0,0.0,0.0,0.0,0.0,0.0,0.0,-0.6832179790700856,4.064097945685135,310.38489479507155,-5.671302777309683,-4.320173273099511,-4.656787155567047,0.0,0.0,50.0
Wed Jan 01 01:04:31 CET 2020,1577837071,450790,0,0,0,0,0,0,0,0,0,0,0,0,0,0,0,0,1,0,1,0,0,0,0,1,1,1,1,0,0,0,-1.43144073694989E-125,-1.43144073694989E-125,-2.8735182454018313E-16,0.0,0.0,0.0,0.0,0.0,0.0,0.0,-0.9877783149996867,3.300347103386198,310.28759890212666,-2.7939310753845885,-7.492106141682281,-3.398988088251596,0.0,0.0,50.0
Wed Jan 01 01:04:31 CET 2020,1577837071,550790,0,0,0,0,0,0,0,0,0,0,0,0,0,0,0,0,1,0,1,0,0,0,0,1,1,1,1,0,0,0,-1.43144073694989E-125,-1.43144073694989E-125,-2.8735182454018313E-16,0.0,0.0,0.0,0.0,0.0,0.0,0.0,-0.8764763602518177,2.9709334545597086,310.19875422991487,1.2379521312981996,-3.226410760966755,-0.9433352606532939,0.0,0.0,50.0
Wed Jan 01 01:04:31 CET 2020,1577837071,650790,0,0,0,0,0,0,0,0,0,0,0,0,0,0,0,0,1,0,1,0,0,0,0,1,1,1,1,0,0,0,-1.43144073694989E-125,-1.43144073694989E-125,-2.8735182454018313E-16,0.0,0.0,0.0,0.0,0.0,0.0,0.0,-0.8789488128403715,2.7047415545106723,310.5834887682509,-0.07228958855374021,-2.638323884329579,1.4767737178502067,0.0,0.0,50.0
Wed Jan 01 01:04:31 CET 2020,1577837071,750790,0,0,0,0,0,0,0,0,0,0,0,0,0,0,0,0,1,0,1,0,0,0,0,1,1,1,1,0,0,0,-1.43144073694989E-125,-1.43144073694989E-125,-2.8735182454018313E-16,0.0,0.0,0.0,0.0,0.0,0.0,0.0,-1.5864732343277999,2.6854093870838684,310.8453794705066,-7.153883673774216,-0.18245529864449528,0.28389459304009973,0.0,0.0,50.0
Wed Jan 01 01:04:31 CET 2020,1577837071,850790,0,0,0,0,0,0,0,0,0,0,0,0,0,0,0,0,1,0,1,0,0,0,0,1,1,1,1,0,0,0,-1.43144073694989E-125,-1.43144073694989E-125,-2.8735182454018313E-16,0.0,0.0,0.0,0.0,0.0,0.0,0.0,-0.027841703271465647,2.906559376978283,310.57235647059565,15.686779505334377,2.2533436109654046,-2.7013161387509204,0.0,0.0,50.0
Wed Jan 01 01:04:31 CET 2020,1577837071,950790,0,0,0,0,0,0,0,0,0,0,0,0,0,0,0,0,1,0,1,0,0,0,0,1,1,1,1,0,0,0,-1.43144073694989E-125,-1.43144073694989E-125,-2.8735182454018313E-16,0.0,0.0,0.0,0.0,0.0,0.0,0.0,0.8707981963218138,3.1566311198942,310.46614308267044,9.118432467343235,2.50892033457037,-3.4082109685788553,0.0,0.0,50.0
Wed Jan 01 01:04:32 CET 2020,1577837072,50790,0,0,0,0,0,0,0,0,0,0,0,0,0,0,0,0,1,0,1,0,0,0,0,1,1,1,1,0,0,0,-1.43144073694989E-125,-1.43144073694989E-125,-2.8735182454018313E-16,0.0,0.0,0.0,0.0,0.0,0.0,0.0,0.39891431461694515,2.8089171175515224,310.6391696846207,-4.746257776670804,-3.4348578132607983,-0.6053942344845294,0.0,0.0,50.0
Wed Jan 01 01:04:32 CET 2020,1577837072,150790,0,0,0,0,0,0,0,0,0,0,0,0,0,0,0,0,1,0,1,0,0,0,0,1,1,1,1,0,0,0,-1.43144073694989E-125,-1.43144073694989E-125,-2.8735182454018313E-16,0.0,0.0,0.0,0.0,0.0,0.0,0.0,1.0489465294576805,3.194874411530972,310.89373599557445,6.411925991951031,3.946554639964699,0.12233069914618398,0.0,0.0,50.0
Wed Jan 01 01:04:32 CET 2020,1577837072,250826,0,0,0,0,0,0,0,0,0,0,0,0,0,0,0,0,1,0,1,0,0,0,0,1,1,1,1,0,0,0,-1.43144073694989E-125,-1.43144073694989E-125,-2.8735182454018313E-16,0.0,0.0,0.0,0.0,0.0,0.0,0.0,1.2295771810109024,3.814753845588797,310.8209000725213,1.765120019491096,6.186298433600719,-0.8768064101707109,0.0,0.0,50.0
Wed Jan 01 01:04:32 CET 2020,1577837072,350790,0,0,0,0,0,0,0,0,0,0,0,0,0,0,0,0,1,0,1,0,0,0,0,1,1,1,1,0,0,0,-1.43144073694989E-125,-1.43144073694989E-125,-2.8735182454018313E-16,0.0,0.0,0.0,0.0,0.0,0.0,0.0,1.37417987483915,3.7370457209276906,310.53596765120955,1.6899484753057514,-0.8314111515630275,-5.247705373288165,0.0,0.0,50.0
Wed Jan 01 01:04:32 CET 2020,1577837072,450790,0,0,0,0,0,0,0,0,0,0,0,0,0,0,0,0,1,0,1,0,0,0,0,1,1,1,1,0,0,0,-1.43144073694989E-125,-1.43144073694989E-125,-2.8735182454018313E-16,0.0,0.0,0.0,0.0,0.0,0.0,0.0,1.3297921450250343,3.951337290203523,310.38846956430115,-0.27210285959325126,2.0666246046770245,-3.893535979551392,0.0,0.0,50.0
Wed Jan 01 01:04:32 CET 2020,1577837072,550790,0,0,0,0,0,0,0,0,0,0,0,0,0,0,0,0,1,0,1,0,0,0,0,1,1,1,1,0,0,0,-1.43144073694989E-125,-1.43144073694989E-125,-2.8735182454018313E-16,0.0,0.0,0.0,0.0,0.0,0.0,0.0,0.5498273063828815,4.069768520516061,310.26768510614653,-7.755405987854752,1.1354824459480557,-1.2337512613946786,0.0,0.0,50.0
Wed Jan 01 01:04:32 CET 2020,1577837072,650790,0,0,0,0,0,0,0,0,0,0,0,0,0,0,0,0,1,0,1,0,0,0,0,1,1,1,1,0,0,0,-1.43144073694989E-125,-1.43144073694989E-125,-2.8735182454018313E-16,0.0,0.0,0.0,0.0,0.0,0.0,0.0,0.7969102723544867,4.095092737010726,310.47195208266857,2.438389220907132,0.2187177785037208,-0.34796823716178316,0.0,0.0,50.0
Wed Jan 01 01:04:32 CET 2020,1577837072,750790,0,0,0,0,0,0,0,0,0,0,0,0,0,0,0,0,1,0,1,0,0,0,0,1,1,1,1,0,0,0,-1.43144073694989E-125,-1.43144073694989E-125,-2.8735182454018313E-16,0.0,0.0,0.0,0.0,0.0,0.0,0.0,0.9354869179510046,4.19689898331949,310.4084416445622,1.4754047961585546,1.0172912588393488,-3.0565576166868778,0.0,0.0,50.0
Wed Jan 01 01:04:32 CET 2020,1577837072,850842,0,0,0,0,0,0,0,0,0,0,0,0,0,0,0,0,1,0,1,0,0,0,0,1,1,1,1,0,0,0,-1.43144073694989E-125,-1.43144073694989E-125,-2.8735182454018313E-16,0.0,0.0,0.0,0.0,0.0,0.0,0.0,1.173862037804265,4.013464387329996,310.2350653369264,2.5946249411477638,-1.9019050305773288,-4.088397633804298,0.0,0.0,50.0
Wed Jan 01 01:04:32 CET 2020,1577837072,950790,0,0,0,0,0,0,0,0,0,0,0,0,0,0,0,0,1,0,1,0,0,0,0,1,1,1,1,0,0,0,-1.43144073694989E-125,-1.43144073694989E-125,-2.8735182454018313E-16,0.0,0.0,0.0,0.0,0.0,0.0,0.0,0.1982620639311973,3.9563694700200256,309.79478587887604,-9.558052584465713,-0.5579787956478333,-4.441629214740494,0.0,0.0,50.0
Wed Jan 01 01:04:33 CET 2020,1577837073,50790,0,0,0,0,0,0,0,0,0,0,0,0,0,0,0,0,1,0,1,0,0,0,0,1,1,1,1,0,0,0,-1.43144073694989E-125,-1.43144073694989E-125,-2.8735182454018313E-16,0.0,0.0,0.0,0.0,0.0,0.0,0.0,0.9535903343461233,4.134914257691716,309.7309451631778,7.72777195316477,1.8450648034324089,-3.062560594057411,0.0,0.0,50.0
Wed Jan 01 01:04:33 CET 2020,1577837073,150790,0,0,0,0,0,0,0,0,0,0,0,0,0,0,0,0,1,0,1,0,0,0,0,1,1,1,1,0,0,0,-1.43144073694989E-125,-1.43144073694989E-125,-2.8735182454018313E-16,0.0,0.0,0.0,0.0,0.0,0.0,0.0,0.8907286883199109,4.008304710648987,309.9650731196232,-0.6242020331105536,-1.2101946978572125,-0.03835769967696346,0.0,0.0,50.0
Wed Jan 01 01:04:33 CET 2020,1577837073,250790,0,0,0,0,0,0,0,0,0,0,0,0,0,0,0,0,1,0,1,0,0,0,0,1,1,1,1,0,0,0,-1.43144073694989E-125,-1.43144073694989E-125,-2.8735182454018313E-16,0.0,0.0,0.0,0.0,0.0,0.0,0.0,0.0850504262368881,3.9798270717055173,310.1954514539962,-8.180413142920962,-0.18885065141009824,2.2818473564097017,0.0,0.0,50.0
Wed Jan 01 01:04:33 CET 2020,1577837073,350790,0,0,0,0,0,0,0,0,0,0,0,0,0,0,0,0,1,0,1,0,0,0,0,1,1,1,1,0,0,0,-1.43144073694989E-125,-1.43144073694989E-125,-2.8735182454018313E-16,0.0,0.0,0.0,0.0,0.0,0.0,0.0,0.49727469254394174,4.183740699774451,310.4561764706336,4.090142519464264,2.109415739827154,0.1960723242560389,0.0,0.0,50.0
Wed Jan 01 01:04:33 CET 2020,1577837073,450860,0,0,0,0,0,0,0,0,0,0,0,0,0,0,0,0,1,0,1,0,0,0,0,1,1,1,1,0,0,0,-1.43144073694989E-125,-1.43144073694989E-125,-2.8735182454018313E-16,0.0,0.0,0.0,0.0,0.0,0.0,0.0,0.09684673211593096,3.909815811329108,310.54610911608916,-3.8985235354653165,-2.7040023762604957,-1.4603257116369266,0.0,0.0,50.0
Wed Jan 01 01:04:33 CET 2020,1577837073,550790,0,0,0,0,0,0,0,0,0,0,0,0,0,0,0,0,1,0,1,0,0,0,0,1,1,1,1,0,0,0,-1.43144073694989E-125,-1.43144073694989E-125,-2.8735182454018313E-16,0.0,0.0,0.0,0.0,0.0,0.0,0.0,-0.77198493890735,3.488432602854526,310.6755585040068,-8.61992397701672,-4.2133211865959055,-1.1456569992996697,0.0,0.0,50.0
Wed Jan 01 01:04:33 CET 2020,1577837073,650790,0,0,0,0,0,0,0,0,0,0,0,0,0,0,0,0,1,0,1,0,0,0,0,1,1,1,1,0,0,0,-1.43144073694989E-125,-1.43144073694989E-125,-2.8735182454018313E-16,0.0,0.0,0.0,0.0,0.0,0.0,0.0,-0.27996649433018234,2.5368215055478904,310.7108787782428,4.917781433439685,-9.481624285473087,0.20569615566032534,0.0,0.0,50.0
Wed Jan 01 01:04:33 CET 2020,1577837073,750790,0,0,0,0,0,0,0,0,0,0,0,0,0,0,0,0,1,0,1,0,0,0,0,1,1,1,1,0,0,0,-1.43144073694989E-125,-1.43144073694989E-125,-2.8735182454018313E-16,0.0,0.0,0.0,0.0,0.0,0.0,0.0,1.7192023273028976,2.621370747681681,310.8834973902266,19.92627488752166,0.8765308499831963,-0.669817679155456,0.0,0.0,50.0
Wed Jan 01 01:04:33 CET 2020,1577837073,850790,0,0,0,0,0,0,0,0,0,0,0,0,0,0,0,0,1,0,1,0,0,0,0,1,1,1,1,0,0,0,-1.43144073694989E-125,-1.43144073694989E-125,-2.8735182454018313E-16,0.0,0.0,0.0,0.0,0.0,0.0,0.0,0.8394971848484333,3.000663598414977,310.91444634339376,-8.768398932758421,3.7971856883516346,-2.187170006210653,0.0,0.0,50.0
Wed Jan 01 01:04:33 CET 2020,1577837073,950790,0,0,0,0,0,0,0,0,0,0,0,0,0,0,0,0,1,0,1,0,0,0,0,1,1,1,1,0,0,0,-1.43144073694989E-125,-1.43144073694989E-125,-2.8735182454018313E-16,0.0,0.0,0.0,0.0,0.0,0.0,0.0,0.4218850376511012,3.4550035321087416,310.77761427989327,-4.163249525136487,4.497829832615137,-1.4071311359069965,0.0,0.0,50.0
Wed Jan 01 01:04:34 CET 2020,1577837074,50810,0,0,0,0,0,0,0,0,0,0,0,0,0,0,0,0,1,0,1,0,0,0,0,1,1,1,1,0,0,0,-1.43144073694989E-125,-1.43144073694989E-125,-2.8735182454018313E-16,0.0,0.0,0.0,0.0,0.0,0.0,0.0,-0.19718651783714491,3.86120854242774,311.08001255738657,-6.383892467085594,4.131092690960103,0.5881473238113303,0.0,0.0,50.0
Wed Jan 01 01:04:34 CET 2020,1577837074,150790,0,0,0,0,0,0,0,0,0,0,0,0,0,0,0,0,1,0,1,0,0,0,0,1,1,1,1,0,0,0,-1.43144073694989E-125,-1.43144073694989E-125,-2.8735182454018313E-16,0.0,0.0,0.0,0.0,0.0,0.0,0.0,-1.8207171522070738,3.6947638143256807,311.2561282262254,-16.29172177102333,-1.6059234881362545,-0.719421093201775,0.0,0.0,50.0
Wed Jan 01 01:04:34 CET 2020,1577837074,250790,0,0,0,0,0,0,0,0,0,0,0,0,0,0,0,0,1,0,1,0,0,0,0,1,1,1,1,0,0,0,-1.43144073694989E-125,-1.43144073694989E-125,-2.8735182454018313E-16,0.0,0.0,0.0,0.0,0.0,0.0,0.0,-1.730270421179931,3.535277986513994,311.07840002561454,0.9325116116575562,-1.5021375494420584,-1.8438834842699598,0.0,0.0,50.0
Wed Jan 01 01:04:34 CET 2020,1577837074,350790,0,0,0,0,0,0,0,0,0,0,0,0,0,0,0,0,1,0,1,0,0,0,0,1,1,1,1,0,0,0,-1.43144073694989E-125,-1.43144073694989E-125,-2.8735182454018313E-16,0.0,0.0,0.0,0.0,0.0,0.0,0.0,-2.6761051516144954,3.6144845028970187,311.2900496777194,-9.512147641963965,0.7809326385020482,-0.24595340446486666,0.0,0.0,50.0
Wed Jan 01 01:04:34 CET 2020,1577837074,450790,0,0,0,0,0,0,0,0,0,0,0,0,0,0,0,0,1,0,1,0,0,0,0,1,1,1,1,0,0,0,-1.43144073694989E-125,-1.43144073694989E-125,-2.8735182454018313E-16,0.0,0.0,0.0,0.0,0.0,0.0,0.0,-3.031922490388476,3.5601653744657416,311.6216483799524,-3.6953427108033345,-0.6165501721833883,0.8752287123634287,0.0,0.0,50.0
Wed Jan 01 01:04:34 CET 2020,1577837074,550790,0,0,0,0,0,0,0,0,0,0,0,0,0,0,0,0,1,0,1,0,0,0,0,1,1,1,1,0,0,0,-1.43144073694989E-125,-1.43144073694989E-125,-2.8735182454018313E-16,0.0,0.0,0.0,0.0,0.0,0.0,0.0,-2.400828796405379,2.5132966644445696,312.05757594502757,6.116826606386759,-10.553472818672773,1.4889572575096939,0.0,0.0,50.0
Wed Jan 01 01:04:34 CET 2020,1577837074,650796,0,0,0,0,0,0,0,0,0,0,0,0,0,0,0,0,1,0,1,0,0,0,0,1,1,1,1,0,0,0,-1.43144073694989E-125,-1.43144073694989E-125,-2.8735182454018313E-16,0.0,0.0,0.0,0.0,0.0,0.0,0.0,-4.1116964715370825,1.2941168527342053,312.19778849682126,-17.316068008147372,-12.294539643982754,0.7147399851086115,0.0,0.0,50.0
Wed Jan 01 01:04:34 CET 2020,1577837074,750790,0,0,0,0,0,0,0,0,0,0,0,0,0,0,0,0,1,0,1,0,0,0,0,1,1,1,1,0,0,0,-1.43144073694989E-125,-1.43144073694989E-125,-2.8735182454018313E-16,0.0,0.0,0.0,0.0,0.0,0.0,0.0,-3.8261690648576483,0.17294082615791984,312.46323454021297,2.836703237787024,-11.099493319121748,-0.5196628383873911,0.0,0.0,50.0
Wed Jan 01 01:04:34 CET 2020,1577837074,850790,0,0,0,0,0,0,0,0,0,0,0,0,0,0,0,0,1,0,1,0,0,0,0,1,1,1,1,0,0,0,-1.43144073694989E-125,-1.43144073694989E-125,-2.8735182454018313E-16,0.0,0.0,0.0,0.0,0.0,0.0,0.0,-3.1215974100394073,-0.19565701080900674,312.95872864038574,7.034110083616799,-3.7289111174081873,2.3732500103566836,0.0,0.0,50.0
Wed Jan 01 01:04:34 CET 2020,1577837074,950790,0,0,0,0,0,0,0,0,0,0,0,0,0,0,0,0,1,0,1,0,0,0,0,1,1,1,1,0,0,0,-1.43144073694989E-125,-1.43144073694989E-125,-2.8735182454018313E-16,0.0,0.0,0.0,0.0,0.0,0.0,0.0,-4.817125694551114,-0.48275143363877127,313.2394451653778,-16.886265149591924,-2.9835079846036834,2.582586201498681,0.0,0.0,50.0
Wed Jan 01 01:04:35 CET 2020,1577837075,50790,0,0,0,0,0,0,0,0,0,0,0,0,0,0,0,0,1,0,1,0,0,0,0,1,1,1,1,0,0,0,-1.43144073694989E-125,-1.43144073694989E-125,-2.8735182454018313E-16,0.0,0.0,0.0,0.0,0.0,0.0,0.0,-3.5116971378594783,-0.7857004899976711,313.3531772255414,13.034831366776382,-2.885517233747271,-1.4193641564924708,0.0,0.0,50.0
Wed Jan 01 01:04:35 CET 2020,1577837075,150815,0,0,0,0,0,0,0,0,0,0,0,0,0,0,0,0,1,0,1,0,0,0,0,1,1,1,1,0,0,0,-1.43144073694989E-125,-1.43144073694989E-125,-2.8735182454018313E-16,0.0,0.0,0.0,0.0,0.0,0.0,0.0,-3.4629748182160913,-0.9260318870829559,313.33425426233686,0.4197731052142379,-1.241727783980392,-2.594883274080372,0.0,0.0,50.0
Wed Jan 01 01:04:35 CET 2020,1577837075,250790,0,0,0,0,0,0,0,0,0,0,0,0,0,0,0,0,1,0,1,0,0,0,0,1,1,1,1,0,0,0,-1.43144073694989E-125,-1.43144073694989E-125,-2.8735182454018313E-16,0.0,0.0,0.0,0.0,0.0,0.0,0.0,-3.6064679857591657,-0.9424147788261484,313.02249164370943,-1.557384369344605,0.23571172553190947,-5.523358451375502,0.0,0.0,50.0
Wed Jan 01 01:04:35 CET 2020,1577837075,350790,0,0,0,0,0,0,0,0,0,0,0,0,0,0,0,0,1,0,1,0,0,0,0,1,1,1,1,0,0,0,-1.43144073694989E-125,-1.43144073694989E-125,-2.8735182454018313E-16,0.0,0.0,0.0,0.0,0.0,0.0,0.0,-2.6161716076854677,-0.7286879903036853,312.4710640619495,9.817917300831613,2.480522381167217,-5.387862069312678,0.0,0.0,50.0
Wed Jan 01 01:04:35 CET 2020,1577837075,450790,0,0,0,0,0,0,0,0,0,0,0,0,0,0,0,0,1,0,1,0,0,0,0,1,1,1,1,0,0,0,-1.43144073694989E-125,-1.43144073694989E-125,-2.8735182454018313E-16,0.0,0.0,0.0,0.0,0.0,0.0,0.0,-1.7151890599285795,-0.48821198015271955,312.4957377408712,8.963137643606267,2.5104480202147297,-2.0453207893098098,0.0,0.0,50.0
Wed Jan 01 01:04:35 CET 2020,1577837075,550790,0,0,0,0,0,0,0,0,0,0,0,0,0,0,0,0,1,0,1,0,0,0,0,1,1,1,1,0,0,0,-1.43144073694989E-125,-1.43144073694989E-125,-2.8735182454018313E-16,0.0,0.0,0.0,0.0,0.0,0.0,0.0,-2.085631199753391,-0.3241431333534493,312.73594669062567,-3.78232835730506,1.7050272562634161,0.045681192144999994,0.0,0.0,50.0
Wed Jan 01 01:04:35 CET 2020,1577837075,650790,0,0,0,0,0,0,0,0,0,0,0,0,0,0,0,0,1,0,1,0,0,0,0,1,1,1,1,0,0,0,-1.43144073694989E-125,-1.43144073694989E-125,-2.8735182454018313E-16,0.0,0.0,0.0,0.0,0.0,0.0,0.0,-1.4592850943713798,0.2606652904276156,312.7968149079971,6.214962157253575,5.834901289693607,0.7784434140045324,0.0,0.0,50.0
Wed Jan 01 01:04:35 CET 2020,1577837075,750843,0,0,0,0,0,0,0,0,0,0,0,0,0,0,0,0,1,0,1,0,0,0,0,1,1,1,1,0,0,0,-1.43144073694989E-125,-1.43144073694989E-125,-2.8735182454018313E-16,0.0,0.0,0.0,0.0,0.0,0.0,0.0,-1.4578225231971078,0.9185195896878312,312.8838139113132,-0.07971653230017436,6.684910742802617,-1.3669825250557537,0.0,0.0,50.0
Wed Jan 01 01:04:35 CET 2020,1577837075,850790,0,0,0,0,0,0,0,0,0,0,0,0,0,0,0,0,1,0,1,0,0,0,0,1,1,1,1,0,0,0,-1.43144073694989E-125,-1.43144073694989E-125,-2.8735182454018313E-16,0.0,0.0,0.0,0.0,0.0,0.0,0.0,-0.49380491850007985,1.4934325492358678,312.8567894330612,9.664262329623375,5.889808117957469,-2.6367298699592796,0.0,0.0,50.0
Wed Jan 01 01:04:35 CET 2020,1577837075,950790,0,0,0,0,0,0,0,0,0,0,0,0,0,0,0,0,1,0,1,0,0,0,0,1,1,1,1,0,0,0,-1.43144073694989E-125,-1.43144073694989E-125,-2.8735182454018313E-16,0.0,0.0,0.0,0.0,0.0,0.0,0.0,-0.8166073995559419,1.9635875582798246,312.6539601354685,-3.2041237019230215,4.738892707797788,-4.402205969979106,0.0,0.0,50.0
Wed Jan 01 01:04:36 CET 2020,1577837076,50790,0,0,0,0,0,0,0,0,0,0,0,0,0,0,0,0,1,0,1,0,0,0,0,1,1,1,1,0,0,0,-1.43144073694989E-125,-1.43144073694989E-125,-2.8735182454018313E-16,0.0,0.0,0.0,0.0,0.0,0.0,0.0,-0.45708779468785155,2.000107517298012,312.1615745302779,3.7110442532313233,0.4065491759621762,-4.917804807864844,0.0,0.0,50.0
Wed Jan 01 01:04:36 CET 2020,1577837076,150790,0,0,0,0,0,0,0,0,0,0,0,0,0,0,0,0,1,0,1,0,0,0,0,1,1,1,1,0,0,0,-1.43144073694989E-125,-1.43144073694989E-125,-2.8735182454018313E-16,0.0,0.0,0.0,0.0,0.0,0.0,0.0,-0.8640360813705288,2.4149709307548632,312.2266975001563,-4.074682917514876,4.179539070961022,-1.7561061429524396,0.0,0.0,50.0
Wed Jan 01 01:04:36 CET 2020,1577837076,250790,0,0,0,0,0,0,0,0,0,0,0,0,0,0,0,0,1,0,1,0,0,0,0,1,1,1,1,0,0,0,-1.43144073694989E-125,-1.43144073694989E-125,-2.8735182454018313E-16,0.0,0.0,0.0,0.0,0.0,0.0,0.0,-1.7967617056220788,2.648239801184622,312.4414362191498,-9.341618764302202,2.3675832300752964,-0.28380487091625256,0.0,0.0,50.0
Wed Jan 01 01:04:36 CET 2020,1577837076,350860,0,0,0,0,0,0,0,0,0,0,0,0,0,0,0,0,1,0,1,0,0,0,0,1,1,1,1,0,0,0,-1.43144073694989E-125,-1.43144073694989E-125,-2.8735182454018313E-16,0.0,0.0,0.0,0.0,0.0,0.0,0.0,-1.6734282208692508,3.240788460951613,312.55633396493175,1.1890104108004733,5.902098815695934,1.3269841783662513,0.0,0.0,50.0
Wed Jan 01 01:04:36 CET 2020,1577837076,450790,0,0,0,0,0,0,0,0,0,0,0,0,0,0,0,0,1,0,1,0,0,0,0,1,1,1,1,0,0,0,-1.43144073694989E-125,-1.43144073694989E-125,-2.8735182454018313E-16,0.0,0.0,0.0,0.0,0.0,0.0,0.0,-1.196452584920119,4.213639018065283,312.8115996872565,4.790903839417528,9.89841457118579,0.3519021605052428,0.0,0.0,50.0
Wed Jan 01 01:04:36 CET 2020,1577837076,550790,0,0,0,0,0,0,0,0,0,0,0,0,0,0,0,0,1,0,1,0,0,0,0,1,1,1,1,0,0,0,-1.43144073694989E-125,-1.43144073694989E-125,-2.8735182454018313E-16,0.0,0.0,0.0,0.0,0.0,0.0,0.0,-1.024424404844547,4.4763651283474735,312.9010660584648,1.8090612067154745,2.6705726983867852,-1.5343405253408344,0.0,0.0,50.0
Wed Jan 01 01:04:36 CET 2020,1577837076,650790,0,0,0,0,0,0,0,0,0,0,0,0,0,0,0,0,1,0,1,0,0,0,0,1,1,1,1,0,0,0,-1.43144073694989E-125,-1.43144073694989E-125,-2.8735182454018313E-16,0.0,0.0,0.0,0.0,0.0,0.0,0.0,-1.3769746364655377,3.6403860980495226,312.8418103728654,-3.2619638687624315,-8.24902527699139,-3.2186000601958913,0.0,0.0,50.0
Wed Jan 01 01:04:36 CET 2020,1577837076,750790,0,0,0,0,0,0,0,0,0,0,0,0,0,0,0,0,1,0,1,0,0,0,0,1,1,1,1,0,0,0,-1.43144073694989E-125,-1.43144073694989E-125,-2.8735182454018313E-16,0.0,0.0,0.0,0.0,0.0,0.0,0.0,-1.0967501886577014,3.090128451803435,312.954784737377,2.803699460153559,-5.506046198559243,1.0337431354931583,0.0,0.0,50.0
Wed Jan 01 01:04:36 CET 2020,1577837076,850790,0,0,0,0,0,0,0,0,0,0,0,0,0,0,0,0,1,0,1,0,0,0,0,1,1,1,1,0,0,0,-1.43144073694989E-125,-1.43144073694989E-125,-2.8735182454018313E-16,0.0,0.0,0.0,0.0,0.0,0.0,0.0,-1.8753009884141845,2.845536038421684,313.3377124630046,-7.851295772522469,-2.47346740288252,1.2965675246084059,0.0,0.0,50.0
Wed Jan 01 01:04:36 CET 2020,1577837076,950868,0,0,0,0,0,0,0,0,0,0,0,0,0,0,0,0,1,0,1,0,0,0,0,1,1,1,1,0,0,0,-1.43144073694989E-125,-1.43144073694989E-125,-2.8735182454018313E-16,0.0,0.0,0.0,0.0,0.0,0.0,0.0,-1.2860434173532687,2.609635268431747,313.28632515532905,6.004150341686892,-2.230837378740305,-3.014645450991938,0.0,0.0,50.0
Wed Jan 01 01:04:37 CET 2020,1577837077,50790,0,0,0,0,0,0,0,0,0,0,0,0,0,0,0,0,1,0,1,0,0,0,0,1,1,1,1,0,0,0,-1.43144073694989E-125,-1.43144073694989E-125,-2.8735182454018313E-16,0.0,0.0,0.0,0.0,0.0,0.0,0.0,-1.1433374670575334,1.9138574062789064,313.11287113531876,1.496336138543031,-6.954361401995657,-1.8941544354711615,0.0,0.0,50.0
Wed Jan 01 01:04:37 CET 2020,1577837077,150791,0,0,0,0,0,0,0,0,0,0,0,0,0,0,0,0,1,0,1,0,0,0,0,1,1,1,1,0,0,0,-1.43144073694989E-125,-1.43144073694989E-125,-2.8735182454018313E-16,0.0,0.0,0.0,0.0,0.0,0.0,0.0,-0.8607617645734155,1.5748793676666573,313.211760131942,2.7398918329273,-3.269497415634974,-1.5547621838312462,0.0,0.0,50.0
Wed Jan 01 01:04:37 CET 2020,1577837077,250790,0,0,0,0,0,0,0,0,0,0,0,0,0,0,0,0,1,0,1,0,0,0,0,1,1,1,1,0,0,0,-1.43144073694989E-125,-1.43144073694989E-125,-2.8735182454018313E-16,0.0,0.0,0.0,0.0,0.0,0.0,0.0,-0.9614441411997486,1.6673860837474759,313.19103035602905,-1.0737642494798942,1.0220529631647184,-2.6850939841261954,0.0,0.0,50.0
Wed Jan 01 01:04:37 CET 2020,1577837077,350790,0,0,0,0,0,0,0,0,0,0,0,0,0,0,0,0,1,0,1,0,0,0,0,1,1,1,1,0,0,0,-1.43144073694989E-125,-1.43144073694989E-125,-2.8735182454018313E-16,0.0,0.0,0.0,0.0,0.0,0.0,0.0,-0.7416583677555579,1.6199608929184648,313.07018761359353,2.2091701973092457,-0.3473356857536492,-3.714482722241489,0.0,0.0,50.0
Wed Jan 01 01:04:37 CET 2020,1577837077,450790,0,0,0,0,0,0,0,0,0,0,0,0,0,0,0,0,1,0,1,0,0,0,0,1,1,1,1,0,0,0,-1.43144073694989E-125,-1.43144073694989E-125,-2.8735182454018313E-16,0.0,0.0,0.0,0.0,0.0,0.0,0.0,-1.0537863256125608,1.5239246386385465,313.004423516625,-3.1413290676416663,-0.9406566122427964,-0.6730303724680576,0.0,0.0,50.0
Wed Jan 01 01:04:37 CET 2020,1577837077,550820,0,0,0,0,0,0,0,0,0,0,0,0,0,0,0,0,1,0,1,0,0,0,0,1,1,1,1,0,0,0,-1.43144073694989E-125,-1.43144073694989E-125,-2.8735182454018313E-16,0.0,0.0,0.0,0.0,0.0,0.0,0.0,-0.8761338642104369,1.4360884059121826,313.45997345627575,1.697115316910855,-0.9592314634726277,2.061828142277878,0.0,0.0,50.0
Wed Jan 01 01:04:37 CET 2020,1577837077,650790,0,0,0,0,0,0,0,0,0,0,0,0,0,0,0,0,1,0,1,0,0,0,0,1,1,1,1,0,0,0,-1.43144073694989E-125,-1.43144073694989E-125,-2.8735182454018313E-16,0.0,0.0,0.0,0.0,0.0,0.0,0.0,-1.1423775219151835,1.0649576312370521,314.07506690089116,-2.807328870896522,-3.7549447628846444,3.601380253737414,0.0,0.0,50.0
Wed Jan 01 01:04:37 CET 2020,1577837077,750790,0,0,0,0,0,0,0,0,0,0,0,0,0,0,0,0,1,0,1,0,0,0,0,1,1,1,1,0,0,0,-1.43144073694989E-125,-1.43144073694989E-125,-2.8735182454018313E-16,0.0,0.0,0.0,0.0,0.0,0.0,0.0,-0.801246683567537,0.4408508413199249,314.42349033221564,3.309729354794091,-6.282179718477469,3.3307259634306363,0.0,0.0,50.0
Wed Jan 01 01:04:37 CET 2020,1577837077,850790,0,0,0,0,0,0,0,0,0,0,0,0,0,0,0,0,1,0,1,0,0,0,0,1,1,1,1,0,0,0,-1.43144073694989E-125,-1.43144073694989E-125,-2.8735182454018313E-16,0.0,0.0,0.0,0.0,0.0,0.0,0.0,0.3796781872389705,0.3338472005077357,315.0181065661354,11.721688946218116,-1.0205058494267198,3.484783156889997,0.0,0.0,50.0
Wed Jan 01 01:04:37 CET 2020,1577837077,950790,0,0,0,0,0,0,0,0,0,0,0,0,0,0,0,0,1,0,1,0,0,0,0,1,1,1,1,0,0,0,-1.43144073694989E-125,-1.43144073694989E-125,-2.8735182454018313E-16,0.0,0.0,0.0,0.0,0.0,0.0,0.0,-0.6811585252533452,0.9955772526669796,315.4628350576291,-10.697472634470282,6.70812852895725,2.008231496078807,0.0,0.0,50.0
Wed Jan 01 01:04:38 CET 2020,1577837078,50790,0,0,0,0,0,0,0,0,0,0,0,0,0,0,0,0,1,0,1,0,0,0,0,1,1,1,1,0,0,0,-1.43144073694989E-125,-1.43144073694989E-125,-2.8735182454018313E-16,0.0,0.0,0.0,0.0,0.0,0.0,0.0,-0.2687499007569443,1.6313160065226202,315.55476879672955,4.087540065608508,6.3865097955755425,0.9690358964622179,0.0,0.0,50.0
Wed Jan 01 01:04:38 CET 2020,1577837078,150804,0,0,0,0,0,0,0,0,0,0,0,0,0,0,0,0,1,0,1,0,0,0,0,1,1,1,1,0,0,0,-1.43144073694989E-125,-1.43144073694989E-125,-2.8735182454018313E-16,0.0,0.0,0.0,0.0,0.0,0.0,0.0,-0.06574011541542805,2.3300911074652437,315.6376296161005,2.092462451397275,7.114775528406539,-1.6135825587075436,0.0,0.0,50.0
Wed Jan 01 01:04:38 CET 2020,1577837078,250790,0,0,0,0,0,0,0,0,0,0,0,0,0,0,0,0,1,0,1,0,0,0,0,1,1,1,1,0,0,0,-1.43144073694989E-125,-1.43144073694989E-125,-2.8735182454018313E-16,0.0,0.0,0.0,0.0,0.0,0.0,0.0,-0.16973173766738012,2.438221501817513,315.6843541813027,-0.9489407210141325,1.1500381103062882,-1.972019958047141,0.0,0.0,50.0
Wed Jan 01 01:04:38 CET 2020,1577837078,350790,0,0,0,0,0,0,0,0,0,0,0,0,0,0,0,0,1,0,1,0,0,0,0,1,1,1,1,0,0,0,-1.43144073694989E-125,-1.43144073694989E-125,-2.8735182454018313E-16,0.0,0.0,0.0,0.0,0.0,0.0,0.0,-1.2936727386561728,1.879352353065873,315.98012747886503,-11.229591119664594,-5.529030240462281,0.44219790640623297,0.0,0.0,50.0
Wed Jan 01 01:04:38 CET 2020,1577837078,450790,0,0,0,0,0,0,0,0,0,0,0,0,0,0,0,0,1,0,1,0,0,0,0,1,1,1,1,0,0,0,-1.43144073694989E-125,-1.43144073694989E-125,-2.8735182454018313E-16,0.0,0.0,0.0,0.0,0.0,0.0,0.0,-0.8944031783113963,1.4396350954751977,316.1637812480359,3.9429234078379567,-4.427475544960411,1.756505784909876,0.0,0.0,50.0
Wed Jan 01 01:04:38 CET 2020,1577837078,550790,0,0,0,0,0,0,0,0,0,0,0,0,0,0,0,0,1,0,1,0,0,0,0,1,1,1,1,0,0,0,-1.43144073694989E-125,-1.43144073694989E-125,-2.8735182454018313E-16,0.0,0.0,0.0,0.0,0.0,0.0,0.0,-1.354715808870374,1.4835178466366774,316.3597135723867,-4.615053789046379,0.47301830023501695,-0.4767498223060719,0.0,0.0,50.0
Wed Jan 01 01:04:38 CET 2020,1577837078,650801,0,0,0,0,0,0,0,0,0,0,0,0,0,0,0,0,1,0,1,0,0,0,0,1,1,1,1,0,0,0,-1.43144073694989E-125,-1.43144073694989E-125,-2.8735182454018313E-16,0.0,0.0,0.0,0.0,0.0,0.0,0.0,-1.092643423582745,1.419342907015053,316.3163112111969,2.6709242254560683,-0.4940756596096801,-2.8696396242206776,0.0,0.0,50.0
Wed Jan 01 01:04:38 CET 2020,1577837078,750790,0,0,0,0,0,0,0,0,0,0,0,0,0,0,0,0,1,0,1,0,0,0,0,1,1,1,1,0,0,0,-1.43144073694989E-125,-1.43144073694989E-125,-2.8735182454018313E-16,0.0,0.0,0.0,0.0,0.0,0.0,0.0,-0.499104386386102,1.3883804452515327,316.0854666025765,6.018295208112044,-0.275305364540341,-2.3480220236383245,0.0,0.0,50.0
Wed Jan 01 01:04:38 CET 2020,1577837078,850790,0,0,0,0,0,0,0,0,0,0,0,0,0,0,0,0,1,0,1,0,0,0,0,1,1,1,1,0,0,0,-1.43144073694989E-125,-1.43144073694989E-125,-2.8735182454018313E-16,0.0,0.0,0.0,0.0,0.0,0.0,0.0,-0.5569725949466042,1.5936728608409196,315.9794086394004,-0.6013142209838224,2.158222450252287,-3.475829537798018,0.0,0.0,50.0
Wed Jan 01 01:04:38 CET 2020,1577837078,950790,0,0,0,0,0,0,0,0,0,0,0,0,0,0,0,0,1,0,1,0,0,0,0,1,1,1,1,0,0,0,-1.43144073694989E-125,-1.43144073694989E-125,-2.8735182454018313E-16,0.0,0.0,0.0,0.0,0.0,0.0,0.0,-0.6785824055713887,1.9523471918537254,315.6434774722859,-1.1323072427848984,3.6790552899265405,-5.74653685567143,0.0,0.0,50.0
Wed Jan 01 01:04:39 CET 2020,1577837079,50790,0,0,0,0,0,0,0,0,0,0,0,0,0,0,0,0,1,0,1,0,0,0,0,1,1,1,1,0,0,0,-1.43144073694989E-125,-1.43144073694989E-125,-2.8735182454018313E-16,0.0,0.0,0.0,0.0,0.0,0.0,0.0,-1.0437038280327604,1.8308917055586877,315.3858998068181,-3.562349213616367,-1.094787723527175,-5.054747975775858,0.0,0.0,50.0
Wed Jan 01 01:04:39 CET 2020,1577837079,150790,0,0,0,0,0,0,0,0,0,0,0,0,0,0,0,0,1,0,1,0,0,0,0,1,1,1,1,0,0,0,-1.43144073694989E-125,-1.43144073694989E-125,-2.8735182454018313E-16,0.0,0.0,0.0,0.0,0.0,0.0,0.0,0.15651066381384646,1.7667299709694588,314.78918533878533,12.107621955080516,-0.5935522042835429,-5.957855623056509,0.0,0.0,50.0
Wed Jan 01 01:04:39 CET 2020,1577837079,250835,0,0,0,0,0,0,0,0,0,0,0,0,0,0,0,0,1,0,1,0,0,0,0,1,1,1,1,0,0,0,-1.43144073694989E-125,-1.43144073694989E-125,-2.8735182454018313E-16,0.0,0.0,0.0,0.0,0.0,0.0,0.0,-0.5885813443875891,1.3113336346840656,314.509129368977,-7.387971559776451,-4.523884424005049,-5.309753847348191,0.0,0.0,50.0
Wed Jan 01 01:04:39 CET 2020,1577837079,350790,0,0,0,0,0,0,0,0,0,0,0,0,0,0,0,0,1,0,1,0,0,0,0,1,1,1,1,0,0,0,-1.43144073694989E-125,-1.43144073694989E-125,-2.8735182454018313E-16,0.0,0.0,0.0,0.0,0.0,0.0,0.0,-0.7132060764030081,1.01702700640946,314.17129424868585,-1.1910063438579326,-2.8990094376517326,-5.967583633818386,0.0,0.0,50.0
Wed Jan 01 01:04:39 CET 2020,1577837079,450790,0,0,0,0,0,0,0,0,0,0,0,0,0,0,0,0,1,0,1,0,0,0,0,1,1,1,1,0,0,0,-1.43144073694989E-125,-1.43144073694989E-125,-2.8735182454018313E-16,0.0,0.0,0.0,0.0,0.0,0.0,0.0,-0.9093340477280349,0.6111591797624879,313.91987528890166,-1.969411129348159,-4.018606153737181,-2.561892549697321,0.0,0.0,50.0
Wed Jan 01 01:04:39 CET 2020,1577837079,550790,0,0,0,0,0,0,0,0,0,0,0,0,0,0,0,0,1,0,1,0,0,0,0,1,1,1,1,0,0,0,-1.43144073694989E-125,-1.43144073694989E-125,-2.8735182454018313E-16,0.0,0.0,0.0,0.0,0.0,0.0,0.0,-1.329640211261497,0.22934881616486408,314.20974244599773,-4.2536056423206405,-3.8158624611820806,0.2916612960090597,0.0,0.0,50.0
Wed Jan 01 01:04:39 CET 2020,1577837079,650790,0,0,0,0,0,0,0,0,0,0,0,0,0,0,0,0,1,0,1,0,0,0,0,1,1,1,1,0,0,0,-1.43144073694989E-125,-1.43144073694989E-125,-2.8735182454018313E-16,0.0,0.0,0.0,0.0,0.0,0.0,0.0,0.5579095451187484,0.00746693355538719,314.4771312987533,18.81701209586846,-2.165943751436014,0.1418519394901374,0.0,0.0,50.0
Wed Jan 01 01:04:39 CET 2020,1577837079,750790,0,0,0,0,0,0,0,0,0,0,0,0,0,0,0,0,1,0,1,0,0,0,0,1,1,1,1,0,0,0,-1.43144073694989E-125,-1.43144073694989E-125,-2.8735182454018313E-16,0.0,0.0,0.0,0.0,0.0,0.0,0.0,-0.10744843790913859,-0.27036751722537566,314.82776953275265,-6.627799433038638,-2.7321433627688743,1.038004945862274,0.0,0.0,50.0
Wed Jan 01 01:04:39 CET 2020,1577837079,850854,0,0,0,0,0,0,0,0,0,0,0,0,0,0,0,0,1,0,1,0,0,0,0,1,1,1,1,0,0,0,-1.43144073694989E-125,-1.43144073694989E-125,-2.8735182454018313E-16,0.0,0.0,0.0,0.0,0.0,0.0,0.0,-0.2991901755856694,-0.3023678831515224,315.47029544558654,-1.8925135204685612,-0.3270690725573966,6.401722600022921,0.0,0.0,50.0
Wed Jan 01 01:04:39 CET 2020,1577837079,950790,0,0,0,0,0,0,0,0,0,0,0,0,0,0,0,0,1,0,1,0,0,0,0,1,1,1,1,0,0,0,-1.43144073694989E-125,-1.43144073694989E-125,-2.8735182454018313E-16,0.0,0.0,0.0,0.0,0.0,0.0,0.0,-0.7732769830253441,-0.36336944099376794,316.23813256239293,-4.780338902809352,-0.5748640857499756,5.22253627797865,0.0,0.0,50.0
Wed Jan 01 01:04:40 CET 2020,1577837080,50790,0,0,0,0,0,0,0,0,0,0,0,0,0,0,0,0,1,0,1,0,0,0,0,1,1,1,1,0,0,0,-1.43144073694989E-125,-1.43144073694989E-125,-2.8735182454018313E-16,0.0,0.0,0.0,0.0,0.0,0.0,0.0,-1.1525022148858566,-0.9615448485445109,316.6987726625771,-3.750384321466818,-6.011261631086747,2.054961221868329,0.0,0.0,50.0
Wed Jan 01 01:04:40 CET 2020,1577837080,150790,0,0,0,0,0,0,0,0,0,0,0,0,0,0,0,0,1,0,1,0,0,0,0,1,1,1,1,0,0,0,-1.43144073694989E-125,-1.43144073694989E-125,-2.8735182454018313E-16,0.0,0.0,0.0,0.0,0.0,0.0,0.0,-0.3660822024046201,-1.4109527026386093,316.4574368833916,7.826942657145797,-4.4594010633969035,-2.4565191232580323,0.0,0.0,50.0
Wed Jan 01 01:04:40 CET 2020,1577837080,250790,0,0,0,0,0,0,0,0,0,0,0,0,0,0,0,0,1,0,1,0,0,0,0,1,1,1,1,0,0,0,-1.43144073694989E-125,-1.43144073694989E-125,-2.8735182454018313E-16,0.0,0.0,0.0,0.0,0.0,0.0,0.0,-0.9261547545970253,-1.6817484537521972,316.40585529477966,-5.641389584384659,-2.6664445320524295,-2.943002534313803,0.0,0.0,50.0
Wed Jan 01 01:04:40 CET 2020,1577837080,350790,0,0,0,0,0,0,0,0,0,0,0,0,0,0,0,0,1,0,1,0,0,0,0,1,1,1,1,0,0,0,-1.43144073694989E-125,-1.43144073694989E-125,-2.8735182454018313E-16,0.0,0.0,0.0,0.0,0.0,0.0,0.0,-0.4107443540413888,-1.4482520621320858,316.6785285890051,5.1671625683395215,2.35836551033541,0.322729511868229,0.0,0.0,50.0
Wed Jan 01 01:04:40 CET 2020,1577837080,450875,0,0,0,0,0,0,0,0,0,0,0,0,0,0,0,0,1,0,1,0,0,0,0,1,1,1,1,0,0,0,-1.43144073694989E-125,-1.43144073694989E-125,-2.8735182454018313E-16,0.0,0.0,0.0,0.0,0.0,0.0,0.0,-0.4302967571234304,-1.2030460700898955,317.10827802030303,-0.17319411233964113,2.499850905826464,1.8818966744226935,0.0,0.0,50.0
Wed Jan 01 01:04:40 CET 2020,1577837080,550790,0,0,0,0,0,0,0,0,0,0,0,0,0,0,0,0,1,0,1,0,0,0,0,1,1,1,1,0,0,0,-1.43144073694989E-125,-1.43144073694989E-125,-2.8735182454018313E-16,0.0,0.0,0.0,0.0,0.0,0.0,0.0,0.23571286389677115,-0.8022052626720529,317.5238837994317,6.7413299267307005,4.0814162697806555,4.15785792558766,0.0,0.0,50.0
Wed Jan 01 01:04:40 CET 2020,1577837080,650790,0,0,0,0,0,0,0,0,0,0,0,0,0,0,0,0,1,0,1,0,0,0,0,1,1,1,1,0,0,0,-1.43144073694989E-125,-1.43144073694989E-125,-2.8735182454018313E-16,0.0,0.0,0.0,0.0,0.0,0.0,0.0,1.2139231463431408,-0.8027152501300806,317.9573245685211,9.713317051806369,0.045587376650837716,1.8919566323782329,0.0,0.0,50.0
Wed Jan 01 01:04:40 CET 2020,1577837080,750790,0,0,0,0,0,0,0,0,0,0,0,0,0,0,0,0,1,0,1,0,0,0,0,1,1,1,1,0,0,0,-1.43144073694989E-125,-1.43144073694989E-125,-2.8735182454018313E-16,0.0,0.0,0.0,0.0,0.0,0.0,0.0,0.213426051498758,-1.2128734221587008,318.53198815027343,-9.967995074298543,-3.9633383879211803,3.4220310215634773,0.0,0.0,50.0
Wed Jan 01 01:04:40 CET 2020,1577837080,850790,0,0,0,0,0,0,0,0,0,0,0,0,0,0,0,0,1,0,1,0,0,0,0,1,1,1,1,0,0,0,-1.43144073694989E-125,-1.43144073694989E-125,-2.8735182454018313E-16,0.0,0.0,0.0,0.0,0.0,0.0,0.0,0.5926550968815572,-1.2345618530671776,318.7211594980378,3.7681060820693144,-0.2073686982333322,1.872288116080301,0.0,0.0,50.0
Wed Jan 01 01:04:40 CET 2020,1577837080,950790,0,0,0,0,0,0,0,0,0,0,0,0,0,0,0,0,1,0,1,0,0,0,0,1,1,1,1,0,0,0,-1.43144073694989E-125,-1.43144073694989E-125,-2.8735182454018313E-16,0.0,0.0,0.0,0.0,0.0,0.0,0.0,0.6133517463770528,-1.235404774301748,318.7976284746015,0.04065185349746496,-0.029035527846238866,-1.5992062247605192,0.0,0.0,50.0
Wed Jan 01 01:04:41 CET 2020,1577837081,50826,0,0,0,0,0,0,0,0,0,0,0,0,0,0,0,0,1,0,1,0,0,0,0,1,1,1,1,0,0,0,-1.43144073694989E-125,-1.43144073694989E-125,-2.8735182454018313E-16,0.0,0.0,0.0,0.0,0.0,0.0,0.0,0.1912976235984984,-1.296022020166694,318.87677852808736,-4.3808687625759495,-0.6197956883495014,-1.5816708524313732,0.0,0.0,50.0
Wed Jan 01 01:04:41 CET 2020,1577837081,150790,0,0,0,0,0,0,0,0,0,0,0,0,0,0,0,0,1,0,1,0,0,0,0,1,1,1,1,0,0,0,-1.43144073694989E-125,-1.43144073694989E-125,-2.8735182454018313E-16,0.0,0.0,0.0,0.0,0.0,0.0,0.0,1.0022419235861058,-1.4963857712509998,318.98491529728284,7.988687607970962,-2.0209858877709252,-1.2815524920829944,0.0,0.0,50.0
Wed Jan 01 01:04:41 CET 2020,1577837081,250790,0,0,0,0,0,0,0,0,0,0,0,0,0,0,0,0,1,0,1,0,0,0,0,1,1,1,1,0,0,0,-1.43144073694989E-125,-1.43144073694989E-125,-2.8735182454018313E-16,0.0,0.0,0.0,0.0,0.0,0.0,0.0,0.425574402276779,-1.8714466367745555,318.8975471601876,-5.849403754467305,-3.7891212081076096,-0.8203762220489641,0.0,0.0,50.0
Wed Jan 01 01:04:41 CET 2020,1577837081,350790,0,0,0,0,0,0,0,0,0,0,0,0,0,0,0,0,1,0,1,0,0,0,0,1,1,1,1,0,0,0,-1.43144073694989E-125,-1.43144073694989E-125,-2.8735182454018313E-16,0.0,0.0,0.0,0.0,0.0,0.0,0.0,1.003640518655152,-2.0743196475779424,319.08520311664813,5.685531427388654,-2.0087987053438807,-0.4916267332282674,0.0,0.0,50.0
Wed Jan 01 01:04:41 CET 2020,1577837081,450790,0,0,0,0,0,0,0,0,0,0,0,0,0,0,0,0,1,0,1,0,0,0,0,1,1,1,1,0,0,0,-1.43144073694989E-125,-1.43144073694989E-125,-2.8735182454018313E-16,0.0,0.0,0.0,0.0,0.0,0.0,0.0,1.8233841134049913,-2.2477672927450247,319.26778834066886,8.142378399726846,-1.7172998919460767,-0.5090426910834244,0.0,0.0,50.0
Wed Jan 01 01:04:41 CET 2020,1577837081,550790,0,0,0,0,0,0,0,0,0,0,0,0,0,0,0,0,1,0,1,0,0,0,0,1,1,1,1,0,0,0,-1.43144073694989E-125,-1.43144073694989E-125,-2.8735182454018313E-16,0.0,0.0,0.0,0.0,0.0,0.0,0.0,0.8533671741049873,-1.667635461543172,319.50119745764954,-9.57489917016256,5.920686644285189,2.198019534034246,0.0,0.0,50.0
Wed Jan 01 01:04:41 CET 2020,1577837081,650790,0,0,0,0,0,0,0,0,0,0,0,0,0,0,0,0,1,0,1,0,0,0,0,1,1,1,1,0,0,0,-1.43144073694989E-125,-1.43144073694989E-125,-2.8735182454018313E-16,0.0,0.0,0.0,0.0,0.0,0.0,0.0,0.6502002374943178,-0.9074849637377309,320.10686827685,-1.9885476498007377,7.8214979339034265,3.6247395006988574,0.0,0.0,50.0
Wed Jan 01 01:04:41 CET 2020,1577837081,750790,0,0,0,0,0,0,0,0,0,0,0,0,0,0,0,0,1,0,1,0,0,0,0,1,1,1,1,0,0,0,-1.43144073694989E-125,-1.43144073694989E-125,-2.8735182454018313E-16,0.0,0.0,0.0,0.0,0.0,0.0,0.0,1.4043879801543377,-0.6502380312077252,320.2227568554075,7.516445293116649,2.6077552968081963,-1.2345927407004242,0.0,0.0,50.0
Wed Jan 01 01:04:41 CET 2020,1577837081,850790,0,0,0,0,0,0,0,0,0,0,0,0,0,0,0,0,1,0,1,0,0,0,0,1,1,1,1,0,0,0,-1.43144073694989E-125,-1.43144073694989E-125,-2.8735182454018313E-16,0.0,0.0,0.0,0.0,0.0,0.0,0.0,1.4668779879987106,-0.9480207704239226,319.95043326686755,0.6073640989866566,-3.0039657672057056,-2.6445906587840566,0.0,0.0,50.0
Wed Jan 01 01:04:41 CET 2020,1577837081,950790,0,0,0,0,0,0,0,0,0,0,0,0,0,0,0,0,1,0,1,0,0,0,0,1,1,1,1,0,0,0,-1.43144073694989E-125,-1.43144073694989E-125,-2.8735182454018313E-16,0.0,0.0,0.0,0.0,0.0,0.0,0.0,0.5125061282295563,-1.6809729996084284,319.92084428025515,-9.58086966618904,-7.333241405739121,-2.5248993344606423,0.0,0.0,50.0
Wed Jan 01 01:04:42 CET 2020,1577837082,50790,0,0,0,0,0,0,0,0,0,0,0,0,0,0,0,0,1,0,1,0,0,0,0,1,1,1,1,0,0,0,-1.43144073694989E-125,-1.43144073694989E-125,-2.8735182454018313E-16,0.0,0.0,0.0,0.0,0.0,0.0,0.0,0.6573913642164703,-1.8108271900708768,319.81861365152594,1.3271959142305216,-1.3214887599420406,-3.3509530374206937,0.0,0.0,50.0
Wed Jan 01 01:04:42 CET 2020,1577837082,150822,0,0,0,0,0,0,0,0,0,0,0,0,0,0,0,0,1,0,1,0,0,0,0,1,1,1,1,0,0,0,-1.43144073694989E-125,-1.43144073694989E-125,-2.8735182454018313E-16,0.0,0.0,0.0,0.0,0.0,0.0,0.0,0.6641403500263506,-1.9964263488993381,319.47518324026674,-0.12578342617624236,-1.8578245074938822,-5.760877217288825,0.0,0.0,50.0
Wed Jan 01 01:04:42 CET 2020,1577837082,250790,0,0,0,0,0,0,0,0,0,0,0,0,0,0,0,0,1,0,1,0,0,0,0,1,1,1,1,0,0,0,-1.43144073694989E-125,-1.43144073694989E-125,-2.8735182454018313E-16,0.0,0.0,0.0,0.0,0.0,0.0,0.0,1.1171392140220786,-2.025662745968605,319.005742213664,4.370255862861602,-0.35762138146125755,-4.730673409932576,0.0,0.0,50.0
Wed Jan 01 01:04:42 CET 2020,1577837082,350790,0,0,0,0,0,0,0,0,0,0,0,0,0,0,0,0,1,0,1,0,0,0,0,1,1,1,1,0,0,0,-1.43144073694989E-125,-1.43144073694989E-125,-2.8735182454018313E-16,0.0,0.0,0.0,0.0,0.0,0.0,0.0,1.6762730705495519,-1.728718905764467,318.6146741168016,5.29528416748251,2.852186517725535,-6.351140343977549,0.0,0.0,50.0
Wed Jan 01 01:04:42 CET 2020,1577837082,450790,0,0,0,0,0,0,0,0,0,0,0,0,0,0,0,0,1,0,1,0,0,0,0,1,1,1,1,0,0,0,-1.43144073694989E-125,-1.43144073694989E-125,-2.8735182454018313E-16,0.0,0.0,0.0,0.0,0.0,0.0,0.0,1.8787338414910328,-1.3326749402007243,318.3848203409569,1.8294241255790245,3.842972240907769,-4.810082707042961,0.0,0.0,50.0
Wed Jan 01 01:04:42 CET 2020,1577837082,550790,0,0,0,0,0,0,0,0,0,0,0,0,0,0,0,0,1,0,1,0,0,0,0,1,1,1,1,0,0,0,-1.43144073694989E-125,-1.43144073694989E-125,-2.8735182454018313E-16,0.0,0.0,0.0,0.0,0.0,0.0,0.0,2.1880983048098486,-1.3560446601188954,318.35579476905997,3.057050604562971,-0.2602883398764217,-0.27416367944782566,0.0,0.0,50.0
Wed Jan 01 01:04:42 CET 2020,1577837082,650790,0,0,0,0,0,0,0,0,0,0,0,0,0,0,0,0,1,0,1,0,0,0,0,1,1,1,1,0,0,0,-1.43144073694989E-125,-1.43144073694989E-125,-2.8735182454018313E-16,0.0,0.0,0.0,0.0,0.0,0.0,0.0,2.7229890878972784,-1.5763876252173776,318.74099558164335,5.291821109791332,-2.121995126894539,1.5553858559934592,0.0,0.0,50.0
Wed Jan 01 01:04:42 CET 2020,1577837082,750834,0,0,0,0,0,0,0,0,0,0,0,0,0,0,0,0,1,0,1,0,0,0,0,1,1,1,1,0,0,0,-1.43144073694989E-125,-1.43144073694989E-125,-2.8735182454018313E-16,0.0,0.0,0.0,0.0,0.0,0.0,0.0,2.1075133044703334,-1.88698000476698,319.11681262499906,-6.186456893989463,-3.0051851836455254,1.5132892751909288,0.0,0.0,50.0
Wed Jan 01 01:04:42 CET 2020,1577837082,850790,0,0,0,0,0,0,0,0,0,0,0,0,0,0,0,0,1,0,1,0,0,0,0,1,1,1,1,0,0,0,-1.43144073694989E-125,-1.43144073694989E-125,-2.8735182454018313E-16,0.0,0.0,0.0,0.0,0.0,0.0,0.0,2.114707466832117,-1.7565853186682112,319.4670234409383,0.042526285078688796,1.3567416429781998,1.1108932336990742,0.0,0.0,50.0
Wed Jan 01 01:04:42 CET 2020,1577837082,950790,0,0,0,0,0,0,0,0,0,0,0,0,0,0,0,0,1,0,1,0,0,0,0,1,1,1,1,0,0,0,-1.43144073694989E-125,-1.43144073694989E-125,-2.8735182454018313E-16,0.0,0.0,0.0,0.0,0.0,0.0,0.0,2.819954703250263,-1.3852707360134169,319.67356350441605,7.049729663774747,3.79266349599316,1.897195235689651,0.0,0.0,50.0
Wed Jan 01 01:04:43 CET 2020,1577837083,50790,0,0,0,0,0,0,0,0,0,0,0,0,0,0,0,0,1,0,1,0,0,0,0,1,1,1,1,0,0,0,-1.43144073694989E-125,-1.43144073694989E-125,-2.8735182454018313E-16,0.0,0.0,0.0,0.0,0.0,0.0,0.0,0.6613189506621999,-1.093963471476336,320.61454379173455,-21.41597618030494,3.134993080603599,6.961027666625589,0.0,0.0,50.0
Wed Jan 01 01:04:43 CET 2020,1577837083,150790,0,0,0,0,0,0,0,0,0,0,0,0,0,0,0,0,1,0,1,0,0,0,0,1,1,1,1,0,0,0,-1.43144073694989E-125,-1.43144073694989E-125,-2.8735182454018313E-16,0.0,0.0,0.0,0.0,0.0,0.0,0.0,0.4717234481503641,-0.5955309859770864,321.38115693864165,-1.849676698941983,5.114579825777243,5.233772394509265,0.0,0.0,50.0
Wed Jan 01 01:04:43 CET 2020,1577837083,250790,0,0,0,0,0,0,0,0,0,0,0,0,0,0,0,0,1,0,1,0,0,0,0,1,1,1,1,0,0,0,-1.43144073694989E-125,-1.43144073694989E-125,-2.8735182454018313E-16,0.0,0.0,0.0,0.0,0.0,0.0,0.0,0.1615190802638614,-0.23690038714771633,321.93312850702347,-3.020377042179449,3.6426710239998643,5.506208908843472,0.0,0.0,50.0
Wed Jan 01 01:04:43 CET 2020,1577837083,350864,0,0,0,0,0,0,0,0,0,0,0,0,0,0,0,0,1,0,1,0,0,0,0,1,1,1,1,0,0,0,-1.43144073694989E-125,-1.43144073694989E-125,-2.8735182454018313E-16,0.0,0.0,0.0,0.0,0.0,0.0,0.0,-0.2727348987371975,0.257692052163666,322.60617595496444,-4.354401020632242,5.00098588721689,4.36261212227045,0.0,0.0,50.0
Wed Jan 01 01:04:43 CET 2020,1577837083,450790,0,0,0,0,0,0,0,0,0,0,0,0,0,0,0,0,1,0,1,0,0,0,0,1,1,1,1,0,0,0,-1.43144073694989E-125,-1.43144073694989E-125,-2.8735182454018313E-16,0.0,0.0,0.0,0.0,0.0,0.0,0.0,-0.2623230152846731,0.4836500588605726,322.6850151589521,0.14320499996471694,2.333166210411565,-1.513689068930347,0.0,0.0,50.0
Wed Jan 01 01:04:43 CET 2020,1577837083,550790,0,0,0,0,0,0,0,0,0,0,0,0,0,0,0,0,1,0,1,0,0,0,0,1,1,1,1,0,0,0,-1.43144073694989E-125,-1.43144073694989E-125,-2.8735182454018313E-16,0.0,0.0,0.0,0.0,0.0,0.0,0.0,-0.7570196149808981,0.39678997400308963,322.6668693194932,-4.895775474625792,-0.8223298838245601,-2.492061909878963,0.0,0.0,50.0
Wed Jan 01 01:04:43 CET 2020,1577837083,650790,0,0,0,0,0,0,0,0,0,0,0,0,0,0,0,0,1,0,1,0,0,0,0,1,1,1,1,0,0,0,-1.43144073694989E-125,-1.43144073694989E-125,-2.8735182454018313E-16,0.0,0.0,0.0,0.0,0.0,0.0,0.0,-0.11243808082530984,0.06515613424139197,322.2681659818306,6.46452148419976,-3.2759587745898058,-3.9987466957064526,0.0,0.0,50.0
Wed Jan 01 01:04:43 CET 2020,1577837083,750790,0,0,0,0,0,0,0,0,0,0,0,0,0,0,0,0,1,0,1,0,0,0,0,1,1,1,1,0,0,0,-1.43144073694989E-125,-1.43144073694989E-125,-2.8735182454018313E-16,0.0,0.0,0.0,0.0,0.0,0.0,0.0,0.45075897934841314,-0.24689545830614068,321.8706089016927,5.59862592177319,-3.0817191228973155,-6.2670209484155235,0.0,0.0,50.0
Wed Jan 01 01:04:43 CET 2020,1577837083,850790,0,0,0,0,0,0,0,0,0,0,0,0,0,0,0,0,1,0,1,0,0,0,0,1,1,1,1,0,0,0,-1.43144073694989E-125,-1.43144073694989E-125,-2.8735182454018313E-16,0.0,0.0,0.0,0.0,0.0,0.0,0.0,-0.17613553330570714,-0.5912617382908745,321.5705031392488,-6.315088480590479,-3.4299740762222575,-5.312053040804799,0.0,0.0,50.0
Wed Jan 01 01:04:43 CET 2020,1577837083,950806,0,0,0,0,0,0,0,0,0,0,0,0,0,0,0,0,1,0,1,0,0,0,0,1,1,1,1,0,0,0,-1.43144073694989E-125,-1.43144073694989E-125,-2.8735182454018313E-16,0.0,0.0,0.0,0.0,0.0,0.0,0.0,0.370276925137888,-0.3189659637990658,321.03549229661394,5.417344201410085,2.7453924119388833,-5.415749883475822,0.0,0.0,50.0
Wed Jan 01 01:04:44 CET 2020,1577837084,50790,0,0,0,0,0,0,0,0,0,0,0,0,0,0,0,0,1,0,1,0,0,0,0,1,1,1,1,0,0,0,-1.43144073694989E-125,-1.43144073694989E-125,-2.8735182454018313E-16,0.0,0.0,0.0,0.0,0.0,0.0,0.0,-0.24233027370139032,-0.4109671320448174,320.56962603924086,-6.264575437128696,-0.8646835074128553,-6.9918442659048345,0.0,0.0,50.0
Wed Jan 01 01:04:44 CET 2020,1577837084,150790,0,0,0,0,0,0,0,0,0,0,0,0,0,0,0,0,1,0,1,0,0,0,0,1,1,1,1,0,0,0,-1.43144073694989E-125,-1.43144073694989E-125,-2.8735182454018313E-16,0.0,0.0,0.0,0.0,0.0,0.0,0.0,0.32795631413058124,-0.14787095831884653,319.72870043416395,5.526707369016551,2.6937759134711894,-10.7547029413078,0.0,0.0,50.0
Wed Jan 01 01:04:44 CET 2020,1577837084,250790,0,0,0,0,0,0,0,0,0,0,0,0,0,0,0,0,1,0,1,0,0,0,0,1,1,1,1,0,0,0,-1.43144073694989E-125,-1.43144073694989E-125,-2.8735182454018313E-16,0.0,0.0,0.0,0.0,0.0,0.0,0.0,-0.0931672902372974,-0.4484039301225927,318.8745637254125,-4.327796674905135,-3.0490392480124906,-10.901218695231577,0.0,0.0,50.0
Wed Jan 01 01:04:44 CET 2020,1577837084,350790,0,0,0,0,0,0,0,0,0,0,0,0,0,0,0,0,1,0,1,0,0,0,0,1,1,1,1,0,0,0,-1.43144073694989E-125,-1.43144073694989E-125,-2.8735182454018313E-16,0.0,0.0,0.0,0.0,0.0,0.0,0.0,-0.7968464480312425,-1.143579938773069,318.25846001992784,-7.153785926178094,-6.939452161511389,-6.192084969865554,0.0,0.0,50.0
Wed Jan 01 01:04:44 CET 2020,1577837084,450790,0,0,0,0,0,0,0,0,0,0,0,0,0,0,0,0,1,0,1,0,0,0,0,1,1,1,1,0,0,0,-1.43144073694989E-125,-1.43144073694989E-125,-2.8735182454018313E-16,0.0,0.0,0.0,0.0,0.0,0.0,0.0,-1.234705287039748,-1.8447604805593896,317.81066188963916,-4.618915426221123,-6.808739947507206,-7.0295384103323375,0.0,0.0,50.0
Wed Jan 01 01:04:44 CET 2020,1577837084,550793,0,0,0,0,0,0,0,0,0,0,0,0,0,0,0,0,1,0,1,0,0,0,0,1,1,1,1,0,0,0,-1.43144073694989E-125,-1.43144073694989E-125,-2.8735182454018313E-16,0.0,0.0,0.0,0.0,0.0,0.0,0.0,-0.6117013829461008,-1.9207331300433859,317.33968604363895,5.993700455820736,-0.6238802932551505,-7.192667612829291,0.0,0.0,50.0
Wed Jan 01 01:04:44 CET 2020,1577837084,650790,0,0,0,0,0,0,0,0,0,0,0,0,0,0,0,0,1,0,1,0,0,0,0,1,1,1,1,0,0,0,-1.43144073694989E-125,-1.43144073694989E-125,-2.8735182454018313E-16,0.0,0.0,0.0,0.0,0.0,0.0,0.0,0.16896867272785582,-2.045688860615083,316.85969556219015,7.600775969197,-1.2858125569593222,-4.787413764533633,0.0,0.0,50.0
Wed Jan 01 01:04:44 CET 2020,1577837084,750790,0,0,0,0,0,0,0,0,0,0,0,0,0,0,0,0,1,0,1,0,0,0,0,1,1,1,1,0,0,0,-1.43144073694989E-125,-1.43144073694989E-125,-2.8735182454018313E-16,0.0,0.0,0.0,0.0,0.0,0.0,0.0,-2.8387277058570155,-1.760507061507651,317.20429165906774,-29.954754474342277,2.8093958379213495,1.1822605142987035,0.0,0.0,50.0
Wed Jan 01 01:04:44 CET 2020,1577837084,850790,0,0,0,0,0,0,0,0,0,0,0,0,0,0,0,0,1,0,1,0,0,0,0,1,1,1,1,0,0,0,-1.43144073694989E-125,-1.43144073694989E-125,-2.8735182454018313E-16,0.0,0.0,0.0,0.0,0.0,0.0,0.0,-0.9231213158046411,-1.1039731137049897,318.21124975238473,19.33391474097576,6.328607398123695,7.8739046093671,0.0,0.0,50.0
Wed Jan 01 01:04:44 CET 2020,1577837084,950790,0,0,0,0,0,0,0,0,0,0,0,0,0,0,0,0,1,0,1,0,0,0,0,1,1,1,1,0,0,0,-1.43144073694989E-125,-1.43144073694989E-125,-2.8735182454018313E-16,0.0,0.0,0.0,0.0,0.0,0.0,0.0,-0.8977908003577411,-1.1618803681802472,319.2977853172477,0.42684523486285064,-0.5942993510877516,8.438943999232949,0.0,0.0,50.0
Wed Jan 01 01:04:45 CET 2020,1577837085,50800,0,0,0,0,0,0,0,0,0,0,0,0,0,0,0,0,1,0,1,0,0,0,0,1,1,1,1,0,0,0,-1.43144073694989E-125,-1.43144073694989E-125,-2.8735182454018313E-16,0.0,0.0,0.0,0.0,0.0,0.0,0.0,-1.4581449081259323,-1.6750023517999664,319.8870199692294,-5.411741624906896,-5.2252124978774415,5.761192923810461,0.0,0.0,50.0
Wed Jan 01 01:04:45 CET 2020,1577837085,150790,0,0,0,0,0,0,0,0,0,0,0,0,0,0,0,0,1,0,1,0,0,0,0,1,1,1,1,0,0,0,-1.43144073694989E-125,-1.43144073694989E-125,-2.8735182454018313E-16,0.0,0.0,0.0,0.0,0.0,0.0,0.0,0.44337789747634343,-1.6287932382071806,320.00650274511014,19.10437910016435,0.5099609341263418,-1.23141199749494,0.0,0.0,50.0
Wed Jan 01 01:04:45 CET 2020,1577837085,250790,0,0,0,0,0,0,0,0,0,0,0,0,0,0,0,0,1,0,1,0,0,0,0,1,1,1,1,0,0,0,-1.43144073694989E-125,-1.43144073694989E-125,-2.8735182454018313E-16,0.0,0.0,0.0,0.0,0.0,0.0,0.0,0.690326460503281,-1.2233806057228944,319.731983781989,2.2994205224522553,4.036390448516079,-5.1857995742908,0.0,0.0,50.0
Wed Jan 01 01:04:45 CET 2020,1577837085,350790,0,0,0,0,0,0,0,0,0,0,0,0,0,0,0,0,1,0,1,0,0,0,0,1,1,1,1,0,0,0,-1.43144073694989E-125,-1.43144073694989E-125,-2.8735182454018313E-16,0.0,0.0,0.0,0.0,0.0,0.0,0.0,1.138674041565221,-0.8469142390501316,319.3472686717466,4.414564666045308,3.747177168196543,-3.904822184135921,0.0,0.0,50.0
Wed Jan 01 01:04:45 CET 2020,1577837085,450790,0,0,0,0,0,0,0,0,0,0,0,0,0,0,0,0,1,0,1,0,0,0,0,1,1,1,1,0,0,0,-1.43144073694989E-125,-1.43144073694989E-125,-2.8735182454018313E-16,0.0,0.0,0.0,0.0,0.0,0.0,0.0,1.4189066856000616,-0.4586829094775172,319.37821762491376,2.6929963612139187,3.848628548232429,-2.187442151303583,0.0,0.0,50.0
Wed Jan 01 01:04:45 CET 2020,1577837085,550790,0,0,0,0,0,0,0,0,0,0,0,0,0,0,0,0,1,0,1,0,0,0,0,1,1,1,1,0,0,0,-1.43144073694989E-125,-1.43144073694989E-125,-2.8735182454018313E-16,0.0,0.0,0.0,0.0,0.0,0.0,0.0,2.5561391019044652,-0.3787571741748897,319.31235638747705,11.307745483351475,0.7469371174010977,-3.0967479675830485,0.0,0.0,50.0
Wed Jan 01 01:04:45 CET 2020,1577837085,650843,0,0,0,0,0,0,0,0,0,0,0,0,0,0,0,0,1,0,1,0,0,0,0,1,1,1,1,0,0,0,-1.43144073694989E-125,-1.43144073694989E-125,-2.8735182454018313E-16,0.0,0.0,0.0,0.0,0.0,0.0,0.0,2.639973147341165,0.27272224391448524,319.66204264488806,0.8001241799229408,6.6940959811984495,3.142677498765808,0.0,0.0,50.0
Wed Jan 01 01:04:45 CET 2020,1577837085,750790,0,0,0,0,0,0,0,0,0,0,0,0,0,0,0,0,1,0,1,0,0,0,0,1,1,1,1,0,0,0,-1.43144073694989E-125,-1.43144073694989E-125,-2.8735182454018313E-16,0.0,0.0,0.0,0.0,0.0,0.0,0.0,3.1905355718062167,0.8530482042707478,320.2629730092405,5.446272025710849,6.074512825568622,3.321588991704938,0.0,0.0,50.0
Wed Jan 01 01:04:45 CET 2020,1577837085,850790,0,0,0,0,0,0,0,0,0,0,0,0,0,0,0,0,1,0,1,0,0,0,0,1,1,1,1,0,0,0,-1.43144073694989E-125,-1.43144073694989E-125,-2.8735182454018313E-16,0.0,0.0,0.0,0.0,0.0,0.0,0.0,4.17564343462241,1.5114786679329493,320.61930367467613,9.677826781751058,6.64623972954182,0.7000346637165648,0.0,0.0,50.0
Wed Jan 01 01:04:45 CET 2020,1577837085,950790,0,0,0,0,0,0,0,0,0,0,0,0,0,0,0,0,1,0,1,0,0,0,0,1,1,1,1,0,0,0,-1.43144073694989E-125,-1.43144073694989E-125,-2.8735182454018313E-16,0.0,0.0,0.0,0.0,0.0,0.0,0.0,2.366278208597879,1.636238903312402,320.9752846344262,-18.188147775630455,1.3030681950964609,1.0915042239201775,0.0,0.0,50.0
Wed Jan 01 01:04:46 CET 2020,1577837086,50790,0,0,0,0,0,0,0,0,0,0,0,0,0,0,0,0,1,0,1,0,0,0,0,1,1,1,1,0,0,0,-1.43144073694989E-125,-1.43144073694989E-125,-2.8735182454018313E-16,0.0,0.0,0.0,0.0,0.0,0.0,0.0,2.4064562651535435,1.4948876830930435,320.9594507381103,0.35301354611969005,-1.4189288457693687,-0.10175273367389111,0.0,0.0,50.0
Wed Jan 01 01:04:46 CET 2020,1577837086,150790,0,0,0,0,0,0,0,0,0,0,0,0,0,0,0,0,1,0,1,0,0,0,0,1,1,1,1,0,0,0,-1.43144073694989E-125,-1.43144073694989E-125,-2.8735182454018313E-16,0.0,0.0,0.0,0.0,0.0,0.0,0.0,2.3839334886924544,0.5136328817696361,321.30849586843124,-0.2985090729161852,-9.728965774104777,1.4544484097471215,0.0,0.0,50.0
Wed Jan 01 01:04:46 CET 2020,1577837086,250861,0,0,0,0,0,0,0,0,0,0,0,0,0,0,0,0,1,0,1,0,0,0,0,1,1,1,1,0,0,0,-1.43144073694989E-125,-1.43144073694989E-125,-2.8735182454018313E-16,0.0,0.0,0.0,0.0,0.0,0.0,0.0,1.604159326164631,-0.3222863464275813,321.6785039117888,-7.829090068620849,-8.259764155750428,1.649881067814641,0.0,0.0,50.0
Wed Jan 01 01:04:46 CET 2020,1577837086,350790,0,0,0,0,0,0,0,0,0,0,0,0,0,0,0,0,1,0,1,0,0,0,0,1,1,1,1,0,0,0,-1.43144073694989E-125,-1.43144073694989E-125,-2.8735182454018313E-16,0.0,0.0,0.0,0.0,0.0,0.0,0.0,0.9425097943466024,-0.5142129166121517,321.6189956609721,-6.705411631487401,-1.8887009088738602,-0.570047170728815,0.0,0.0,50.0
Wed Jan 01 01:04:46 CET 2020,1577837086,450790,0,0,0,0,0,0,0,0,0,0,0,0,0,0,0,0,1,0,1,0,0,0,0,1,1,1,1,0,0,0,-1.43144073694989E-125,-1.43144073694989E-125,-2.8735182454018313E-16,0.0,0.0,0.0,0.0,0.0,0.0,0.0,1.0984470353205047,0.09220444226455024,321.88988157058276,1.5446447005046973,6.126411334958047,0.2330174246045641,0.0,0.0,50.0
Wed Jan 01 01:04:46 CET 2020,1577837086,550790,0,0,0,0,0,0,0,0,0,0,0,0,0,0,0,0,1,0,1,0,0,0,0,1,1,1,1,0,0,0,-1.43144073694989E-125,-1.43144073694989E-125,-2.8735182454018313E-16,0.0,0.0,0.0,0.0,0.0,0.0,0.0,0.45367812630868576,-0.29663208001402264,322.1669844701579,-6.424757033543835,-3.767762144099109,0.4718244590590895,0.0,0.0,50.0
Wed Jan 01 01:04:46 CET 2020,1577837086,650790,0,0,0,0,0,0,0,0,0,0,0,0,0,0,0,0,1,0,1,0,0,0,0,1,1,1,1,0,0,0,-1.43144073694989E-125,-1.43144073694989E-125,-2.8735182454018313E-16,0.0,0.0,0.0,0.0,0.0,0.0,0.0,0.7171140829731171,-0.9932798047031597,322.33585346006936,2.6383627405168575,-6.909547468377332,-0.602252878703259,0.0,0.0,50.0
Wed Jan 01 01:04:46 CET 2020,1577837086,750790,0,0,0,0,0,0,0,0,0,0,0,0,0,0,0,0,1,0,1,0,0,0,0,1,1,1,1,0,0,0,-1.43144073694989E-125,-1.43144073694989E-125,-2.8735182454018313E-16,0.0,0.0,0.0,0.0,0.0,0.0,0.0,1.2566297389295442,-1.179534737582933,322.2507778380235,5.387401259216675,-1.8611332029098178,-0.8165431957777437,0.0,0.0,50.0
Wed Jan 01 01:04:46 CET 2020,1577837086,850867,0,0,0,0,0,0,0,0,0,0,0,0,0,0,0,0,1,0,1,0,0,0,0,1,1,1,1,0,0,0,-1.43144073694989E-125,-1.43144073694989E-125,-2.8735182454018313E-16,0.0,0.0,0.0,0.0,0.0,0.0,0.0,1.3724105522801537,-1.0889457868390724,322.2869918045669,1.1186368468340901,0.9145883604745442,-1.9970318072237645,0.0,0.0,50.0
Wed Jan 01 01:04:46 CET 2020,1577837086,950790,0,0,0,0,0,0,0,0,0,0,0,0,0,0,0,0,1,0,1,0,0,0,0,1,1,1,1,0,0,0,-1.43144073694989E-125,-1.43144073694989E-125,-2.8735182454018313E-16,0.0,0.0,0.0,0.0,0.0,0.0,0.0,0.9514093031621567,-1.2800112978422764,322.21607926278404,-4.287860103482125,-1.9808761331069609,-3.01964545302835,0.0,0.0,50.0
Wed Jan 01 01:04:47 CET 2020,1577837087,50790,0,0,0,0,0,0,0,0,0,0,0,0,0,0,0,0,1,0,1,0,0,0,0,1,1,1,1,0,0,0,-1.43144073694989E-125,-1.43144073694989E-125,-2.8735182454018313E-16,0.0,0.0,0.0,0.0,0.0,0.0,0.0,1.6937269359546023,-0.7565086409399904,321.72369365759346,7.343594758265008,5.094948951410737,-5.019818995488339,0.0,0.0,50.0
Wed Jan 01 01:04:47 CET 2020,1577837087,150790,0,0,0,0,0,0,0,0,0,0,0,0,0,0,0,0,1,0,1,0,0,0,0,1,1,1,1,0,0,0,-1.43144073694989E-125,-1.43144073694989E-125,-2.8735182454018313E-16,0.0,0.0,0.0,0.0,0.0,0.0,0.0,1.528100768079074,0.10723259444499234,321.6494783398919,-1.7014209163816494,8.534906032123885,-3.4101987054093104,0.0,0.0,50.0
Wed Jan 01 01:04:47 CET 2020,1577837087,250790,0,0,0,0,0,0,0,0,0,0,0,0,0,0,0,0,1,0,1,0,0,0,0,1,1,1,1,0,0,0,-1.43144073694989E-125,-1.43144073694989E-125,-2.8735182454018313E-16,0.0,0.0,0.0,0.0,0.0,0.0,0.0,1.010387227735309,1.1914400608702285,321.82815851709114,-5.245266540408526,10.895827399246715,-0.7960155934642058,0.0,0.0,50.0
Wed Jan 01 01:04:47 CET 2020,1577837087,350790,0,0,0,0,0,0,0,0,0,0,0,0,0,0,0,0,1,0,1,0,0,0,0,1,1,1,1,0,0,0,-1.43144073694989E-125,-1.43144073694989E-125,-2.8735182454018313E-16,0.0,0.0,0.0,0.0,0.0,0.0,0.0,1.4184328222536442,2.112222795794048,322.07559471767934,3.964682872713802,9.236014932814912,-0.1839829463433594,0.0,0.0,50.0
Wed Jan 01 01:04:47 CET 2020,1577837087,450821,0,0,0,0,0,0,0,0,0,0,0,0,0,0,0,0,1,0,1,0,0,0,0,1,1,1,1,0,0,0,-1.43144073694989E-125,-1.43144073694989E-125,-2.8735182454018313E-16,0.0,0.0,0.0,0.0,0.0,0.0,0.0,1.1954976485831605,1.921520423181716,322.08686301199003,-2.3030166929412577,-1.8912860595837193,0.13464799667691726,0.0,0.0,50.0
Wed Jan 01 01:04:47 CET 2020,1577837087,550790,0,0,0,0,0,0,0,0,0,0,0,0,0,0,0,0,1,0,1,0,0,0,0,1,1,1,1,0,0,0,-1.43144073694989E-125,-1.43144073694989E-125,-2.8735182454018313E-16,0.0,0.0,0.0,0.0,0.0,0.0,0.0,0.8952353989162669,1.3898606231356654,322.39388517576947,-3.067432188537427,-5.306299896575907,0.7455031571303489,0.0,0.0,50.0
Wed Jan 01 01:04:47 CET 2020,1577837087,650790,0,0,0,0,0,0,0,0,0,0,0,0,0,0,0,0,1,0,1,0,0,0,0,1,1,1,1,0,0,0,-1.43144073694989E-125,-1.43144073694989E-125,-2.8735182454018313E-16,0.0,0.0,0.0,0.0,0.0,0.0,0.0,0.9756462294319469,0.7496967414987551,323.05090444645816,0.6603032256416282,-6.308368181575113,4.251829489572474,0.0,0.0,50.0
Wed Jan 01 01:04:47 CET 2020,1577837087,750790,0,0,0,0,0,0,0,0,0,0,0,0,0,0,0,0,1,0,1,0,0,0,0,1,1,1,1,0,0,0,-1.43144073694989E-125,-1.43144073694989E-125,-2.8735182454018313E-16,0.0,0.0,0.0,0.0,0.0,0.0,0.0,0.951630297727302,0.6962678143893027,323.3994055901572,-0.3746904415975687,-0.4873672375343705,3.4930230971047007,0.0,0.0,50.0
Wed Jan 01 01:04:47 CET 2020,1577837087,850790,0,0,0,0,0,0,0,0,0,0,0,0,0,0,0,0,1,0,1,0,0,0,0,1,1,1,1,0,0,0,-1.43144073694989E-125,-1.43144073694989E-125,-2.8735182454018313E-16,0.0,0.0,0.0,0.0,0.0,0.0,0.0,0.4213136164360389,1.1282563334791544,324.0193366300888,-5.385587768101046,4.380619536562234,3.7598218215159966,0.0,0.0,50.0
Wed Jan 01 01:04:47 CET 2020,1577837087,950790,0,0,0,0,0,0,0,0,0,0,0,0,0,0,0,0,1,0,1,0,0,0,0,1,1,1,1,0,0,0,-1.43144073694989E-125,-1.43144073694989E-125,-2.8735182454018313E-16,0.0,0.0,0.0,0.0,0.0,0.0,0.0,1.31053116334758,1.7495556879744343,324.74886154623874,8.743133911236562,6.346803022072608,4.8003176614775835,0.0,0.0,50.0
Wed Jan 01 01:04:48 CET 2020,1577837088,50805,0,0,0,0,0,0,0,0,0,0,0,0,0,0,0,0,1,0,1,0,0,0,0,1,1,1,1,0,0,0,-1.43144073694989E-125,-1.43144073694989E-125,-2.8735182454018313E-16,0.0,0.0,0.0,0.0,0.0,0.0,0.0,1.2528128015483686,2.2294361274865815,325.16642956282493,-0.680800092103901,4.964270736570422,1.7065033360340467,0.0,0.0,50.0
Wed Jan 01 01:04:48 CET 2020,1577837088,150790,0,0,0,0,0,0,0,0,0,0,0,0,0,0,0,0,1,0,1,0,0,0,0,1,1,1,1,0,0,0,-1.43144073694989E-125,-1.43144073694989E-125,-2.8735182454018313E-16,0.0,0.0,0.0,0.0,0.0,0.0,0.0,1.3353777219462892,2.7140888960628073,325.4416867935044,0.6868781256643138,4.9877404808144385,2.627216478919323,0.0,0.0,50.0
Wed Jan 01 01:04:48 CET 2020,1577837088,250790,0,0,0,0,0,0,0,0,0,0,0,0,0,0,0,0,1,0,1,0,0,0,0,1,1,1,1,0,0,0,-1.43144073694989E-125,-1.43144073694989E-125,-2.8735182454018313E-16,0.0,0.0,0.0,0.0,0.0,0.0,0.0,1.0782989638518472,2.2135692944806786,325.49060673328773,-2.471645715539887,-4.988949576079512,-1.7861975279238107,0.0,0.0,50.0
Wed Jan 01 01:04:48 CET 2020,1577837088,350790,0,0,0,0,0,0,0,0,0,0,0,0,0,0,0,0,1,0,1,0,0,0,0,1,1,1,1,0,0,0,-1.43144073694989E-125,-1.43144073694989E-125,-2.8735182454018313E-16,0.0,0.0,0.0,0.0,0.0,0.0,0.0,2.1774274243785467,2.061329993814412,325.7820475659686,10.953089276736396,-1.4668142395664572,0.5928133675428244,0.0,0.0,50.0
Wed Jan 01 01:04:48 CET 2020,1577837088,450790,0,0,0,0,0,0,0,0,0,0,0,0,0,0,0,0,1,0,1,0,0,0,0,1,1,1,1,0,0,0,-1.43144073694989E-125,-1.43144073694989E-125,-2.8735182454018313E-16,0.0,0.0,0.0,0.0,0.0,0.0,0.0,2.2990937358459655,2.0591854661970097,325.7513317499251,1.244271574100277,0.023478485937516492,-0.30546702456917263,0.0,0.0,50.0
Wed Jan 01 01:04:48 CET 2020,1577837088,550813,0,0,0,0,0,0,0,0,0,0,0,0,0,0,0,0,1,0,1,0,0,0,0,1,1,1,1,0,0,0,-1.43144073694989E-125,-1.43144073694989E-125,-2.8735182454018313E-16,0.0,0.0,0.0,0.0,0.0,0.0,0.0,2.599689905872282,2.2993229266381148,325.81305480341666,3.057783407969923,2.37239411176269,-1.8336996722174708,0.0,0.0,50.0
Wed Jan 01 01:04:48 CET 2020,1577837088,650790,0,0,0,0,0,0,0,0,0,0,0,0,0,0,0,0,1,0,1,0,0,0,0,1,1,1,1,0,0,0,-1.43144073694989E-125,-1.43144073694989E-125,-2.8735182454018313E-16,0.0,0.0,0.0,0.0,0.0,0.0,0.0,2.814632316285026,3.0226483077514508,325.71202871649314,2.26446361428013,7.21470939219083,-3.7509076657392226,0.0,0.0,50.0
Wed Jan 01 01:04:48 CET 2020,1577837088,750790,0,0,0,0,0,0,0,0,0,0,0,0,0,0,0,0,1,0,1,0,0,0,0,1,1,1,1,0,0,0,-1.43144073694989E-125,-1.43144073694989E-125,-2.8735182454018313E-16,0.0,0.0,0.0,0.0,0.0,0.0,0.0,3.102129853085055,3.0868460146703085,324.97968672676546,3.2225482131001217,0.29263687469550986,-7.345263145806269,0.0,0.0,50.0
Wed Jan 01 01:04:48 CET 2020,1577837088,850790,0,0,0,0,0,0,0,0,0,0,0,0,0,0,0,0,1,0,1,0,0,0,0,1,1,1,1,0,0,0,-1.43144073694989E-125,-1.43144073694989E-125,-2.8735182454018313E-16,0.0,0.0,0.0,0.0,0.0,0.0,0.0,3.117830181257191,3.639131164626019,324.7312985495889,0.3282025045046648,5.337974367614906,-5.138165531455169,0.0,0.0,50.0
Wed Jan 01 01:04:48 CET 2020,1577837088,950791,0,0,0,0,0,0,0,0,0,0,0,0,0,0,0,0,1,0,1,0,0,0,0,1,1,1,1,0,0,0,-1.43144073694989E-125,-1.43144073694989E-125,-2.8735182454018313E-16,0.0,0.0,0.0,0.0,0.0,0.0,0.0,3.8436722594067043,3.493731008266677,324.6557815496136,7.403646995703612,-1.5311131850670125,-3.0774959410425056,0.0,0.0,50.0
Wed Jan 01 01:04:49 CET 2020,1577837089,50790,0,0,0,0,0,0,0,0,0,0,0,0,0,0,0,0,1,0,1,0,0,0,0,1,1,1,1,0,0,0,-1.43144073694989E-125,-1.43144073694989E-125,-2.8735182454018313E-16,0.0,0.0,0.0,0.0,0.0,0.0,0.0,5.5474316807781845,3.3870398106635204,325.1259996999619,16.77839430242812,-0.7884140482639262,2.3199203486631683,0.0,0.0,50.0
Wed Jan 01 01:04:49 CET 2020,1577837089,150831,0,0,0,0,0,0,0,0,0,0,0,0,0,0,0,0,1,0,1,0,0,0,0,1,1,1,1,0,0,0,-1.43144073694989E-125,-1.43144073694989E-125,-2.8735182454018313E-16,0.0,0.0,0.0,0.0,0.0,0.0,0.0,3.9124049083704873,3.32081460003504,325.5669008570087,-16.588420331545272,-0.2877242611349782,4.442839220697456,0.0,0.0,50.0
Wed Jan 01 01:04:49 CET 2020,1577837089,250792,0,0,0,0,0,0,0,0,0,0,0,0,0,0,0,0,1,0,1,0,0,0,0,1,1,1,1,0,0,0,-1.43144073694989E-125,-1.43144073694989E-125,-2.8735182454018313E-16,0.0,0.0,0.0,0.0,0.0,0.0,0.0,3.7310299938707066,3.371316108066225,326.43525893030403,-2.240877301474279,1.0186819612453542,6.233630733857018,0.0,0.0,50.0
Wed Jan 01 01:04:49 CET 2020,1577837089,350790,0,0,0,0,0,0,0,0,0,0,0,0,0,0,0,0,1,0,1,0,0,0,0,1,1,1,1,0,0,0,-1.43144073694989E-125,-1.43144073694989E-125,-2.8735182454018313E-16,0.0,0.0,0.0,0.0,0.0,0.0,0.0,4.246278518943014,3.783063285659753,327.15984911066965,4.790255426792321,4.536943745698113,4.526961348335149,0.0,0.0,50.0
Wed Jan 01 01:04:49 CET 2020,1577837089,450790,0,0,0,0,0,0,0,0,0,0,0,0,0,0,0,0,1,0,1,0,0,0,0,1,1,1,1,0,0,0,-1.43144073694989E-125,-1.43144073694989E-125,-2.8735182454018313E-16,0.0,0.0,0.0,0.0,0.0,0.0,0.0,3.5125650272300146,3.9405191812501124,327.40611962563946,-7.529359511235346,1.8001500865783313,2.326062813674752,0.0,0.0,50.0
Wed Jan 01 01:04:49 CET 2020,1577837089,550790,0,0,0,0,0,0,0,0,0,0,0,0,0,0,0,0,1,0,1,0,0,0,0,1,1,1,1,0,0,0,-1.43144073694989E-125,-1.43144073694989E-125,-2.8735182454018313E-16,0.0,0.0,0.0,0.0,0.0,0.0,0.0,3.8422558299548255,3.8991503950491424,327.66937029444995,3.216571342230416,-0.33376182314311054,0.27256196214196227,0.0,0.0,50.0
Wed Jan 01 01:04:49 CET 2020,1577837089,650790,0,0,0,0,0,0,0,0,0,0,0,0,0,0,0,0,1,0,1,0,0,0,0,1,1,1,1,0,0,0,-1.43144073694989E-125,-1.43144073694989E-125,-2.8735182454018313E-16,0.0,0.0,0.0,0.0,0.0,0.0,0.0,4.052082580461211,4.036141526066328,327.75116256867074,2.1463833039089497,1.3197793912657587,-1.635706907467049,0.0,0.0,50.0
Wed Jan 01 01:04:49 CET 2020,1577837089,750859,0,0,0,0,0,0,0,0,0,0,0,0,0,0,0,0,1,0,1,0,0,0,0,1,1,1,1,0,0,0,-1.43144073694989E-125,-1.43144073694989E-125,-2.8735182454018313E-16,0.0,0.0,0.0,0.0,0.0,0.0,0.0,4.254387319525653,4.346569677511887,327.80427897668017,2.126740742329864,3.0176783585473865,-2.0472294477278745,0.0,0.0,50.0
